text_mail_city,Count
,1854798
\,2
],1
`,1
+,1
=,1
07005,1
108 N Madison S,1
2103 Crestway Dr,1
318 E McKay,1
67120,1
67629,1
719 Traders Ave,1
7318,1
817 Alger Hall,1
908 Grantstreet,1
Abbeville,1
Abbyville,38
Abbyville Ks,1
Aber Prov Grd,1
Aberdeen,8
Abil,1
Abilene,266
Abita Springs,1
Absecon,1
Acworth,1
Ada,2
Adams,1
Adamstown,2
Addis,1
Adel,1
Adkins,1
Admire,19
Adrian,1
Afton,3
AFTON,1
"Agdao, Davao City",1
Agenda,40
Agoura Hills,1
Agra,105
AIBONITO,1
Aiea,1
Aiken,2
Ainsworth,1
AINSWORTH,1
Airway Heights,1
AJ,1
Akron,4
Alabaster,1
Alameda,2
ALAMEDA,1
Alamo,5
Alamogordo,4
Alamosa,2
Albany,2
Albert,98
Albion,1
Albuquerque,19
ALBUQUERQUE,1
Alden,58
Aledo,2
Alex Bay,1
Alexandeia,1
Alexander,39
Alexandria,25
Alfred,1
Algard,1
Alhambra,2
Aliso Viejo,2
Allen,138
Allendale,1
Allentown,2
Allston,4
Alma,314
Almena,249
Alpharetta,1
Alpine,2
Alta Vista,204
ALTA VISTA,1
Alta Vista Ks,1
Altamont,331
Altamonte,1
Alto,1
Alton,17
Altoona,88
Altus,3
Alva,7
Amargosa Valley,1
Amarillo,4
Americus,199
Amery,1
Ames,33
Amherst,4
Amherst College,1
AMORET,1
Amorita,1
Anacortes,4
Anaheim,1
Anahiem,1
Anchorage,5
Andale,243
Andover,665
ANDOVER,2
"Andover, Ks",1
Andrews,1
Andrews Afb,1
Andrews AFB,1
Angels Camp,2
Angleton,1
Angola,1
Ankeny,2
ANKENY,1
Ann Arbor,10
Anna,1
Annandale,3
Annapolis,17
Anniston,1
Anthont,1
Anthony,351
Antioch,5
apache,1
Apache Junction,7
Apg,1
Apo,48
APO,67
Apo-Ae,1
APO AA,1
Apo Ae,12
APO AE,2
Apo Ap,3
"Apo, Ae",2
"Apo,ae",1
Apopka,2
Apple Valley,1
Appleton City,2
Arapahoe,2
Arcadia,26
ARCADIA,1
Arcata,1
Arden,1
Ardmore,1
Argona,1
Argonia,172
Ark city,1
Ark City,3
Arkansas,1
Arkansas City,282
Arkington,1
Arlington,141
Arlington Ks,1
Arma,392
ARMA,1
Arnold,1
Arroyo Seco,2
Arvada,1
Asbury,2
Ashburn,2
Asheville,1
Ashland,752
ASHLAND,9
Assaria,167
Astoria,3
Atascosa,1
Atchinson,2
Atchison,307
"Atchison,kansas",1
Athena,1
Athens,11
Athol,1
Atlanta,102
ATLANTA,2
Atlantic Beach,1
Atoka,2
Attica,126
Atw,1
Atwood,638
Au,1
Auburn,176
AUBURN,2
Audrey,1
Augusta,539
Ault,1
Auroa,1
Aurora,48
AURORA,2
Austin,40
AUSTIN,1
Austrailia,1
Australia,2
Avalon,1
Ave Maria,3
Avoca,1
Avon,1
AVON,1
Avondale,2
Axle,1
Axtell,84
Azusa,1
Babson Park,1
"Bad Homburg, Germany",1
Baden,1
Bailey,1
Baileyville,30
BAKER,1
Bakersfield,5
Bala Cynwd,1
Bald Head Island,1
Baldwin,10
Baldwin City,487
Ballston Spa,1
Ballwin,3
Baltimore,16
Bangkok,1
Barboursville,1
Barnard,45
Barnes,32
BARNETT,1
Barrington,3
Barstow,1
Bartlesville,15
Bartlett,12
BARTLETT,1
Bartleville,1
BARTLEY,1
Basalt,1
Basehor,377
BASEHOR,2
Bastrop,1
Bath,1
Baton Rouge,3
Battle Creek,1
Battlecreek,1
Battlefield,1
Bax Springs,1
Baxter Spgs,1
Baxter Spring,1
Baxter Springs,361
Baxter Srpings,1
Bay City,1
Bay Saint Louis,1
Bay St Louis,1
Bayamon,1
Bayfield,1
Bayonne,1
Baytown,1
Bazine,79
Beach Park,1
Bealton,1
Beattie,21
Beaufort,5
Beaumont,2
Beaver,1
Beaver City,1
Beaver Falls,1
Beavercreek,6
Beckley,3
Bedford,2
Beebe,1
Beech Island,1
Beeler,12
Bel Air,1
Bel Aire,16
Belaire,1
Bell,2
Bella vista,2
Bella Vista,2
BELLA VISTA,1
Belle,1
Belle Plain,1
Belle Plaine,468
BELLE PLAINE,1
Belleplaine,1
Bellevi,1
Belleville,515
BelLEVILLE,1
Bellevue,23
Bellewe,1
Bellingham,4
Belmont,1
Beloit,210
Belpre,32
Belton,28
BELTON,3
Belton Ks,1
Belvidere,1
Belvue,82
Ben Wheeler,1
"Ben Wheeler,",1
Bend,2
Bendena,31
Benedict,12
Benkelman,4
Bennington,155
Benson,1
Bentley,282
"Bentley, Ks",1
Benton,358
Benton Harbor,1
Bentonville,8
Berea,2
Bergman,1
Berkeley,6
"Berlin, German",1
Bern,85
Berrington,1
Berryton,73
Bershire ENG,1
Berthoud,1
Berwyn Heights,1
Bessemer,1
Bethany,3
Bethesda,3
Bethlehem,1
Bettendorf,2
Beuna Vista,1
Beverly,107
Bhuler,1
BIG SANDY,4
Big Sky,1
Billings,5
Biloxi,3
Binghamton,2
Biola University,1
Bird City,408
BIrd City,1
Birmingham,4
Bishop,1
Bishopville,1
Bismarck,1
Bison,105
Bixby,4
Black Diamond,1
Blacksburg,2
Blackwater,1
Blackwell,1
Blaine,4
Blair,1
Blakesburg,1
Blanchard,1
Bloom,2
Bloomfield,3
Bloomingdale,1
Bloomington,24
BLOOMINGTON,1
BLOUNTSTOWN,1
Blountville,1
Blue Eye,2
Blue Mound,60
Blue Rapids,47
Blue Springs,13
BLUE SPRINGS,4
Bluemound,1
Bluff City,15
Bluffton,1
Blunt,2
Blythewood,2
Boca Raton,3
Boerne,1
Bogue,101
Bogue Ks,1
Boiling Springs,1
Boise,3
BOISE,1
Boitheville,1
Bokeelia,1
Boles,1
Boley,1
Bolingbrook,1
Bolivar,9
Bonita,1
Bonita Springs,2
"Bonn, Germany",1
Bonner Spring,2
Bonner Springs,198
Boone,2
Boonville,1
Borger,1
Bossier City,1
Bosten,1
Boston,32
Bothell,2
Boulder,17
BOULDER,1
Boulevard,1
Bountiful,1
Bowie,2
Bowling Green,4
Box Elder,3
Boynton Beach,1
Bozeman,5
BOZEMAN,1
Bradenton,2
Brancheille,1
Brandford,1
Brandon,1
Brandywine,1
Branson,8
Braymer,2
Brazoria,2
Brea,1
Bremen,23
Bremerton,6
Brenham,1
Brent,1
Brentwood,2
Brewester,1
Brewster,235
Brian,1
Bridgeport,1
Bridgeton,3
Brigham City,2
Brighton,8
Bristol,3
Bristow,2
Broadway,2
Brockton,1
Broken-Arrow,1
Broken Arrow,6
Bronson,83
Bronson Ks,1
Bronx,2
Bronxville,1
Brookfield,1
Brookhaven,1
Brookings,2
Brookline,3
Brooklyn,70
BROOKLYN,1
Brookville,90
Brookyln,1
Broomfield,4
Brown Deer,1
Brownell,19
Browns Mills,1
Brownsburg,1
Brownsville,3
Brownsville Tx,1
Bruch,1
Brunswick,1
Brush,1
Bryan,4
Bryans Road,1
Buckeye,5
Bucklin,464
BUCKLIN,2
Buckner,1
Bucyrus,104
Buena Vista,4
Buffalo,69
Buford,2
Buhler,449
Buhler Ks,21
Buies Creek,1
Bull Shoals,1
Bullhead City,1
Bunker Hill,114
Bunker HIll,2
Burbank,1
Burden,83
Burdett,46
Burdick,76
Burgaw,1
Burke,2
Burl,1
Burlingame,81
Burlington,255
BURLINGTON,2
Burns,77
BURNS FLAT,1
Burr Oak,26
Burroak,1
Burrton,283
Busby,1
Bushnell,1
Bushong,1
Bushton,81
Butler,1
Byers,1
Byhalie,1
Byron,9
CABALLO,2
Cabot,1
Cactus,1
Cadlwell,1
Calabasas,1
Calagary,1
Calcium,1
Caldwell,65
Calera,1
Calexico,1
California,2
Calumet,1
Calvin,1
Camarillo,1
Cambridge,46
CAMBRIDGE,1
Camden,1
Camdenton,4
CAMDENTON,2
Cameron,6
Camp Gieger,1
Camp H.m. Smith,1
Camp Lejeune,4
Camp LeJeune,1
Camp Lejeure,1
Camp Pendleton,3
Camp Verde,1
Campbellsville,1
Campo,1
Canaan,1
Canada,2
Canada V2T 4G5,1
Caney,123
Cannon Afb,1
Canon City,1
Canton,310
Canyon,6
Canyon Lake,1
Cape Coral,1
Cape Girardeau,3
carbondale,2
Carbondale,251
Carl Junction,8
Carl Junstion,1
Carlisle,1
Carlsbad,8
Carlton,3
Carmel,3
Carmel Valley,1
Carpentersville,1
Carrollton,3
Carson,1
Carthage,4
Cary,2
Casa Grande,5
Casper,1
Cassaday,1
Cassoday,78
Cassville,2
Castaic,1
Castle Pines,1
Castle Rock,2
Cataula,1
Catharine,14
Catherine,28
Cavalier,1
Cave Creek,2
Cave Springs,3
Cawker City,117
Cedar,8
Cedar City,3
Cedar Falls,3
Cedar Glen,1
Cedar Hill,2
Cedar Point,20
Cedar Rapids,4
Cedar Vale,187
Cedarvale,4
Cedarville,7
Centennial,8
CENTENNIAL,2
Centereach,1
Centerville,17
Central City,1
Central Point,1
Centralia,122
Cha,1
Chadron,2
Chalmette,1
Chama,1
Chambersburg,1
Chamblee,1
Champaign,5
Chandler,5
CHANDLER,1
Chanhassen,1
Chantilly,1
Chanute,470
Chanute Ks,1
Chanutr,1
Chapel Hill,6
Chapin,1
Chapman,430
CHAPMAN,1
Chardon,1
Chariton,1
Charleston,10
Charleston Afb,1
Charlotte,11
CHARLOTTE,2
Charlottesville,6
Chase,206
"Chase, Ks",1
Chatham,1
Chatsworth,1
Chattanooga,3
Chautaugua,1
Chautauqua,37
Chelsea,1
CheLSEA,1
Cheney,577
Cher0kee,1
Cheraw,1
Cherokee,165
Cherry Hills,1
Cherryale,1
Cherryvale,82
Chesapeake,14
Chester,11
Chesterfield,9
Chestertown,1
Chestnut Hill,7
Chetopa,254
Cheyenne,8
Chicago,176
CHICAGO,2
Chickasha,1
Chicopee,2
Chinle,1
Chino Valley,1
Choctaw,1
Chula Vista,7
Cibolo,2
Cicero,2
Cimarron,1583
Cimmaron,1
Cimmarron,1
Cincinnati,4
CINCINNATI,1
Circleville,50
City,1
Clackamas,2
Claflin,312
Clalin,1
Claremont,5
Claremore,4
CLAREMORE,1
Clarendon,1
Clark,1
Clarksville,12
Clay Center,131
Clayton,87
Clearfield,1
CLEARFIELD,1
Clearwater,205
Clemson,3
Cleveland,16
CLEVELAND,1
Cleveland Heights,1
Clever,1
Clewiston,1
Clifton,56
CLIFTON,1
ClIFTON PARK,1
Climax,3
Climax Springs,1
Clinton,2
Clive,1
Clouis,1
Clovis,6
CLOVIS,1
Clyde,61
Coabot,1
COATESVILLE,1
Coats,23
Cobb,1
Coconut Creek,1
Codell,4
Codorus,2
Cody,1
Coeur D Alene,2
Coffeyville,341
Colby,443
Coldwater,596
COLDWATER,2
College Park,4
College Station,12
Collegedale,3
Collinsville,1
Collyer,59
Colo Spgs,1
Colombia,1
Colonial Beach,1
Colony,109
Colorado Spgs,2
Colorado Spring,21
Colorado Springs,43
COLORADO SPRINGS,1
Colorado Sprngs,1
Columbia,78
COLUMBIA,1
Columbus,286
ColUMBUS,1
colwich,1
Colwich,269
COLWICH,1
Comer,1
Commerce,2
Commerce City,2
Concord,1
Concordia,230
Conneautville,1
Conroe,1
Converse,3
Convoy,1
Conwa Sp,1
Conway,4
Conway Spgs,1
Conway Springs,312
Cookeville,1
Coolidge,69
COOLIDGE,2
Copeland,231
Coppell,2
COPR CHRISTI,1
Coral Gables,1
Coral Springs,1
Coralville,3
CORAPEAKE,1
Cordoba,1
Cordova,1
Corning,6
Coronado,5
Corp Christi,1
CORP CHRSTI,1
Corpus Christi,6
Corsicana,1
Corvallis,2
cotonwood falls,1
Cottnwd Falls,1
Cottnwd Fls,3
Cottonwd Fls,1
Cottonwood,1
Cottonwood Fall,17
Cottonwood Falls,155
CoTTONWOOD FALLS,1
Cottonwood Fals,1
Cottonwood Fls,86
Cottonwoodfalls,2
Council Blfs,1
Council Bluffs,7
Council Grove,1411
Courtland,195
Covington,1
Cozad,1
Cranston,1
crescent,1
Cresskill,1
Crest Hill,1
Crested Butte,1
Crestline,38
Crestview,1
Crete,1
Creve Coeur,3
Creve Couer,1
Crofton,2
Crosslake,1
Crossville,1
Crowley,2
CROWN POINT,1
Cuba,112
Culbertson,1
Culiver City,1
Culleoka,1
Cullison,2
Culver,3
Cumberland,1
Cumming,1
Cummings,14
Cunnigham,2
Cunningham,298
CUNNINGHAM,1
"Cunningham,",1
Cunninghman,1
Cuyahoga Falls,1
Cypress,4
D'iberville,1
DADE CITY,1
Dahlgren,1
Dahlonega,2
Dahonega,1
Dallas,72
DALLAS,1
Dalton,1
Damar,84
Dana Point,2
Danbury,16
Danville,35
Darien,1
Davenport,6
davidsonville,1
Davis,5
Dawn,1
Dayton,3
Daytona Beach,2
De Pere,1
De Soto,181
Dearborn,1
Dearing,217
Debary,1
Decatur,11
Decorah,1
Deeerfield,1
Deefield,1
Deerfield,496
DEERFIELD,5
Deforest,1
Dekalb,1
Del Rio,4
DEL RIO,1
Delavan,15
Delaware,2
Delhi,1
Delia,32
Delphos,162
"Delphos, 67436",1
Delray Beach,1
Deltona,1
Dendron,1
Denison,51
Denmark,2
Dennis,27
Denton,40
DENTON,1
Denver,80
Depore,1
Derby,298
Deridder,2
Des Moines,14
DeS MOINES,1
Desert Hot Springs,2
Deshler,1
Desloge,1
Desoto,25
DeSoto,2
Dewey,3
Dexter,108
Dickinson,4
Digh,1
Dighton,822
Dillon,1
Dillwyn,4
Dimmitt,1
Disney,6
Divide,1
Dixon,1
Doddge City,1
Dodg City,1
Dodge,3
dodge city,1
Dodge City,748
DODGE CITY,2
Dodge City Ks,1
Dodge Coty,1
Dolan Springs,1
Doral,5
DORCHESTER,1
dorrance,1
Dorrance,164
Dothan,1
Douglas,1
Douglass,301
DOUGLASVILLE,1
Dover,31
downs,1
Downs,34
DPO,1
Draper,3
Dresden,89
DRESDEN,1
Drexel,6
Dripping Spgs,2
Dripping Springs,1
Du Bois,1
DU BOIS,1
Duarte,1
Dubuque,4
Duenweg,3
Dulles,7
Dulles Airport,1
Duluth,4
Dumfries,3
Dumont,5
Duncan,1
Duncanville,2
Dundalk,1
Dundas,1
Dunlap,12
Dunmor,1
Dupont,1
DuPont,1
Durango,2
Durant,1
Durham,43
DURHAM,2
Duvall,2
Dwight,223
Dyess Afb,2
Eads,1
Eagle,4
Eagle Butte,1
Eagle Mountain,1
Eagle River,1
Eagle Rock,1
Earlimart,1
EaRLIMART,1
East Haven,1
East Lansing,7
Eastampton,1
Eastborough,2
Easthampton,1
EASTLAND,1
Easton,136
Easton Kansas,1
Eastpointe,1
Eastport,1
Eau Claire,2
Eden Prairie,2
Edgar,1
Edgerton,158
Edmond,44
Edmonds,1
Edna,168
Edson,19
Edwards,4
Edwardsvile,1
Edwardsville,770
Edwardville,2
Effingham,111
Eglin Afb,1
El Cajon,1
El Centro,1
El Dorado,606
EL Dorado,1
El Dorado Springs,3
El Paso,23
EL PASO,1
El Prado,1
El Reno,1
El Sobrante,1
Elbing,113
Eldmale,1
Eldora,1
Eldorado,20
Elgin,3
Elizabeth,3
Elizabethtown,1
Elk City,102
Elk Falls,64
Elk Grove,2
elkhart,1
Elkhart,1470
Elkhorn,2
Elko,1
Elks,1
Elkwood,2
Ellensburg,1
Ellijay,1
Ellinwood,111
Elliott,1
Ellis,85
Ellsinore,1
Ellsworth,140
Elmdale,28
Elmhurst,1
Elon,2
Elsmore,8
Elwood,434
Emerald Isle,1
Emeryville,1
Emmett,104
EMMETT,1
Emmitsburg,1
Emory,1
Emporia,1330
Emporia Ks,1
England,1
Englewood,83
ENGLEWOOD,2
Enid,11
Enloe,1
Ensign,114
Enterprise,238
Erie,104
Erwin,1
Esbon,29
Escondido,4
Eskridge,170
Essex,1
Estero,1
Estes Park,1
Estherville,1
Etna,1
Eudoea,1
Eudora,268
EUDORA,1
Eufaula,1
Eugene,11
Euless,1
Eureka,536
Evans,7
Evans Mills,3
Evanston,18
Evansville,7
EVANSVILLE,1
Everest,85
Everett,8
Evergreen,3
Evergreen Park,1
Ewa Beach,3
Ewing,1
Ewlood,1
Excelsior Springs,1
Fairbank,1
Fairbanks,1
FAIRBANKS,1
Fairborn,1
Fairbury,1
Fairchild Afb,1
Fairfax,8
Fairfield,3
Fairland,2
Fairmont,1
Fairview,67
Fairview Ks,1
Fairviewheights,1
Fairway,9
fall river,1
Fall River,198
FaLL River,1
Fallbrook,5
Fallon,2
Falls Church,5
Falls City,2
Fallston,1
Falmouth,1
Falun,31
Far Rockaway,1
Fargo,5
Farlington,3
Farmers Branch,1
Farson,1
Fate,1
Fayettevile,1
Fayetteville,157
FAYETTEVILLE,5
Fayettville,5
Fayetville,1
Fayville,1
FCI Leavenworth,1
Federal Heights,1
Federal Hgts,1
Federal Way,4
Felton,1
Ferndale,1
Fernley,1
Findlay,2
Firestone,2
Fishers,2
Flagstaff,2
Flat Rock,1
Fletcher,1
Florence,27
"Florence, Italy",1
Florissant,4
Florrisant,1
Flower Mound,1
FLW,1
Foley,2
Fond Du Lac,1
Fontana,55
FONTANA,1
Ford,83
Fordoche,1
Forest Grove,1
Forest Hills,1
Forest Park,1
Forgan,1
Formoso,18
Forney,2
Forsyth,2
Fort Apache,1
Fort Atkinson,1
Fort Belvoir,5
Fort Benning,4
Fort Bliss,3
Fort Bragg,8
Fort Campbell,5
Fort Carson,2
Fort Cavazos,1
Fort Collins,37
Fort Defiance,2
Fort Dodge,9
Fort Drum,12
Fort Eustis,1
Fort Garland,1
Fort Gordon,1
Fort Gregg-Adams,2
Fort Gregg Adams,1
Fort Hall,1
Fort Hood,8
Fort Huachuca,1
Fort Irwin,8
Fort Johnson,2
Fort Knox,2
Fort Lauderdale,2
Fort Leanard Wood,1
Fort Leavenworth,10
Fort Lee,2
Fort Leonard Wo,1
Fort Leonard Wood,6
Fort Leonardwood,1
Fort Lewis,2
Fort Liberty,5
FORT MEAD,1
Fort Meade,7
Fort Meyers,1
Fort Mitchell,1
Fort Moore,3
Fort Morgan,1
Fort Myers,6
Fort Novosel,1
Fort Pierce,1
Fort Polk,1
Fort Riley,145
FORT RILEY,2
Fort Rucker,3
Fort Scott,527
Fort Sill,5
Fort Sill Ok,1
Fort Smith,4
Fort Stewart,4
Fort Wainwright,4
Fort Walton Beach,1
Fort Washington,1
Fort Wayne,2
FORT WAYNE,1
Fort Worth,60
Fort Worth Tx,1
FortCollins,1
Forth Worth,2
Fountain,8
Fountain Hills,1
fowler,1
Fowler,372
Fowlerville,1
Foxborough,1
Fpo,2
FPO,12
Fpo Aa,1
FPO AE,1
Fpo Ap,1
FPO AP,1
"Fpo, Ae",1
"Fpo, Ap",2
Framingham,1
France,1
Frankfort,37
Franklin,40
FRANKLIN,1
Franklin Spring,1
Fraser,1
Frederick,5
Fredericksburg,2
Fredericktown,1
Fredonia,149
Freeman,1
Freeport,14
Fremont,2
FREMONT,1
Fresno,2
Frisco,4
Front Royal,2
FRONT ROYAL,1
Frontenac,141
Ft Benning,2
Ft Bragg,2
ft collins,2
Ft Dodge,6
Ft Knox,1
Ft Lauderdale,2
Ft Leavenworth,17
Ft Lee,1
Ft Leonard Wood,4
Ft Liberty,1
Ft Meade,1
Ft Myers,2
ft riley,1
Ft Riley,4
Ft Scott,7
Ft Worth,1
Ft. Belvoir,1
Ft. Benning,1
Ft. Bragg,1
Ft. Jackson,1
Ft. Knox,1
Ft. Leavenworth,21
Ft. Riley,1
Ft. Smith,1
Ft. Wayne,1
Fulton,18
Fuquay-Varina,1
g,1
Gaffney,1
Gainesville,5
Gainsville,2
Gaithersburg,2
Galeburg,1
Galena,280
Gales,1
Galesburg,85
Gallup,1
Galva,262
Galveston,1
Gamer,1
Gar,1
Gard City,1
Garde City,1
Garden,2
Garden City,1565
Garden CIty,2
GARDEN CITY,1
Garden City Kansas,2
Garden Plain,239
Gardena,1
Gardencity,1
Gardield,1
Gardner,167
GARDNER,2
Gardner Ks,2
Garfield,68
Garland,9
Garnett,194
Gas,151
Gas City,1
Gaylord,36
Gayville,1
Gem,24
Genda Springs,1
Genesco,1
Geneseo,86
George West,1
Georgetown,7
Gereseo,1
Gering,1
Geuda Springs,47
Gibsonton,1
Gilbert,4
Gillette,3
Girad,1
Girard,153
GIRARD,1
Glade,1
Gladstone,9
GLADSTONE,1
Glan Elder,1
Glasco,119
Glen Burnie,2
Glen Dale,1
Glen Elder,72
Glendale,11
Glenpool,1
Glenside,1
Glenview,2
Glenwood,3
Gloucester,1
Goddard,459
Godfrey,1
Goesel,1
Goessel,302
Goff,46
Gold Canyon,2
Golden,14
Golden City,1
Golden Valley,2
Goldsboro,3
Goleta,2
Goodfellow Afb,1
Goodland,322
Goodwell,4
GOODWELL,1
Goodyear,1
Goose Creek,3
Gorham,292
Goshen,6
Gothenburg,1
Gouverneur,1
Gove,77
Gr,1
Graham,3
Grain,1
Grain Valley,6
GRAIN VALLEY,1
Grainfield,222
Grambling,1
Granbury,2
Granby,3
Grand Forks,7
Grand Forks Afb,1
Grand Forks AFB,3
Grand Island,3
Grand Junction,4
GRAND JUNCTION,1
Grand Lake,3
Grand Prairie,5
Grand Rapids,6
GRAND RAPIDS,1
Grand Ridge,1
Grandbury,1
Grandview,15
GRANDVIEW,1
Grandview Plaza,2
Granger,1
GRANITE FALLS,1
Grantville,55
Granville,1
GRAVETTE,1
Gravois Mills,4
GRAVOIS MILLS,3
Grayslake,1
Grear Bend,1
Great Bend,499
GREAT BEND,1
Great Falls,5
Great Lakes,7
Great Neck,1
Greatbend,1
Greeley,187
Green,54
Green Bay,2
Green Cove Spgs,1
Green Cove Springs,1
Green CV Spgs,1
Green Forest,1
Green Valley,5
"Green,",1
Greenbrier,2
Greencastle,2
Greenfield,1
Greenleaf,45
Greensboro,5
Greensburg,47
Greenville,7
GREENVILLE,1
Greenwich,3
Greenwood,5
GREENWOOD,1
Greer,1
Grenola,58
Gresham,2
Gretna,3
Gridley,100
Grinnell,269
Groton,6
Grove,8
GROVE,1
Grove City,3
Groveland,2
Groves,1
Grovetown,3
Gueda Springs,1
Guilford,1
Gulf Breeze,2
Gulfport,2
Gunnison,3
Gurnee,1
Guthrie,4
Guymon,3
Gypsum,156
Hacienda Heights,1
Haddam,22
Hagerstown,1
Haigler,1
Haleiwa,1
Halethorpe,1
Hallandale Beach,1
Halstead,67
HALSTEAD,1
Hamilton,207
Hammond,1
Hampon,1
Hampstead,2
Hampton,16
HAMPTON,1
Hamtilon,1
Hanford,3
Hannibal,3
Hanover,87
HANOVER,1
Hanscom Afb,1
Hanston,64
Happy Valley,2
Hardtner,143
Hardy,9
Harker Heights,5
Harker Hts,1
Harlingen,1
Harper,117
Harrah,2
Harrisburg,4
Harrisonburg,6
harrisonville,1
Harrisonville,2
Harrisville,2
Hartford,80
Hartville,1
Harvest,1
Harvey,1
Harveyville,90
Haslet,1
Hasting,1
Hastings,8
Hattiesburg,1
Haughton,1
Havana,63
Havelock,2
Haven,273
Haven Ks,2
Havensville,30
Havertown,1
Haviland,182
HaWARDEN,1
Hawthorne,1
Hay,1
Hayden,1
HAYDEN,1
Hayes,4
Hayesville,2
Hays,853
HAYS,1
Haysville,164
Hayward,1
Hazard,1
Hazelton,82
Headland,1
Healy,108
Hebron,1
Heizer,1
Helotes,2
Hempstead,1
Henderson,4
Hendersonville,1
Hephzibah,1
Hepler,48
Herington,239
HERLONG,1
Hermiston,1
Hermitage,1
Hernando,1
Herndon,124
Herriman,1
Herrington,1
Hesston,127
Hialeah,1
Hiawat,1
Hiawatha,107
Hichory,1
Hickory,1
Higginsville,1
High Point,1
Highland,178
Highland Park,1
Highlands Ranch,2
Hightstown,1
Highwood,1
Hill Afb,1
Hill AFB,1
Hill Cit,1
Hill City,452
Hilliard,2
Hillsboro,103
Hillsdale,6
Hillsville,1
Hilo,1
Hinesville,3
Hinton,1
Hobbs,1
Hoboken,4
Hoffman Estates,1
Hogoton,1
Hoisington,119
Hoisinton,1
Hoistington,1
Holcomb,563
HOLCOMB,1
Holden,1
Holdredge,1
Holdrege,1
Holland,1
Hollister,4
HoLLISTER,1
Holloman Afb,5
Holly,1
Hollywood,2
HOLLYWOOD,1
Holt,1
Holton,169
Holy Cross,1
Holyrood,162
Home,3
Homer Glen,1
Homestead,1
Homewood,1
Hominy,1
Hong Kong,1
Honolulu,16
Hood River,1
Hooker,1
Hookerton,1
Hope,135
HOPE,1
Hope Mills,1
Hopewell,1
Hopkins,1
Hopkinsville,2
Hopkinton,1
Hopland,1
Horace,15
Hordville,1
Horizon City,1
Hororn,1
Horseheads,1
Horton,92
Hot Springs,3
Hotchkiss,1
Houghton,1
Houma,1
houston,1
Houston,47
Howard,222
Howell,1
Hoxie,1251
Hoyt,152
Hton,1
Huber Heights,2
Hubert,2
HUBERT,1
Huchinson,1
Hudson,37
Hugo,1
Hugoton,1240
Humboldr,1
Humboldt,81
Humbolt,1
Hume,1
Hunnewell,1
Hunter,50
Huntington,3
Huntingtown,2
Huntsville,3
Huntsvillle,1
Hurlburt Field,3
Huron,1
hutchinson,1
Hutchinson,783
HuTCHINSON,2
HUTCHINSON,2
Hutchinson Ks,2
Hutchison,2
Hyattsville,1
Hyde Park,3
Ichita,1
Idaho Falls,2
Immokalee,1
Imperial,1
Imperial Beach,2
Independce,1
Independence,400
INDEPENDENCE,5
Indian Head,1
Indianapolis,11
INDIANAPOLIS,2
Indianola,5
Ingalls,244
Ingalls Ks,1
Inglewood,2
Ingram,1
Inman,476
INMAN,1
Inverness,1
Iola,506
IOLA,1
Iowa,2
Iowa City,14
Ireland,1
Irmo,4
Irons,1
IRONWOOD,1
Irvine,2
Irving,14
Isabel,94
Isle,1
Issaquah,1
Ithaca,5
Iuka,61
Ivins,1
Jackson,7
Jacksonville,52
JACKSONVILLE,2
Jacksonville Be,1
Jamaica,2
Jamaica Plain,3
Jamestown,72
JAMESTOWN,1
Jamesville,1
Janesville,1
Japan,1
Java,1
Jay,3
Jb Andrews,1
JB Andrews,4
Jb Mdl,1
JB MDL,2
Jbab,1
Jber,2
Jblm,4
JBLM,1
Jbphh,1
JBSA Ft. Sam Houston,1
Jbsa Lackland,2
Jean,1
Jefferson,1
Jefferson City,5
JEFFERSON CITY,1
Jefferson Hills,1
Jeffersonville,1
Jenks,6
Jennings,144
Jersey City,3
Jetmore,244
Jetmroe,1
Jewell,116
Johns Island,1
Johnson,932
JOHNSON,3
Johnson City,9
JOHNSTON,1
Johnstown,3
Joint Base Lewis McChord,1
Joint Base Mdl,2
Joliet,1
Jonesboro,3
Jonesville,1
joplin,3
Joplin,94
JOPLIN,4
Joppa,1
Junc City,1
Junct City,1
Junction,5
Junction City,545
Junction City Ks,1
Juncton City,1
Juniata,1
Junv City,1
Justin,1
Kailua,10
Kalaheo,1
Kalamazoo,5
Kaliua,1
Kalvesta,4
Kamas,1
KANAB,1
Kaneohe,5
Kaneohe Bay,1
Kanoehe,1
Kanopolis,168
Kanorado,55
Kansas,5
kansas city,6
Kansas city,4
Kansas City,2213
Kansas CIty,3
KANSAS CITY,11
Kansas City Kansas,1
Kansas Coty,1
Kapolei,6
Kathleen,1
Katy,6
Kaufman,1
Kaw City,4
Kcmo,1
Kearney,22
Kechi,173
Keesler Afb,1
Keller,4
Kelly,1
Kemah,1
Kendall,107
Kenilworth,1
Kenmore,2
Kenner,1
Kennesaw,5
Kenosha,2
Kensington,110
Kent,4
Kerrville,1
Ketchum,2
Kew Gardens,1
Key Largo,1
Key West,1
Keyes,1
Ki,1
Kila,1
Kilauea,1
Kileen,1
Kilgore,1
Killeen,3
Kimberling City,4
Kimberling Cy,1
Kincaid,48
King City,1
King of Prussia,1
kingman,1
Kingman,1113
KINGMAN,2
Kings Point,3
Kingsdown,5
Kingsland,2
KINGSPORT,1
Kingston,1
Kingwood,1
kinsley,2
Kinsley,63
Kioiwa,1
Kiowa,657
KIOWA,1
Kirbyville,1
Kirkland,1
kirksville,1
Kirksville,15
Kirkwood,2
Kirwin,71
Kismet,181
KISSEE MILLS,1
Kissimmee,2
Kit Carson,1
Knightdale,1
Knob Noster,5
Knoxville,7
Kokomo,1
Kopperl,1
Krebs,1
Krems  Austria,1
ks,1
Ks,1
La Crosse,31
La Cygne,249
La CYGNE,1
La Grange Park,1
La Grangeville,1
La Habra,2
La Harpe,24
La Jolla,2
La Junta,1
La Mesa,1
La Mirada,1
La Motte,1
La Plata,2
La Pointe,1
La Quinta,4
La Salle,3
la valle,1
La Vista,2
Lacey,4
Laconia,1
Lacross,1
LaCross,1
Lacrosse,8
LaCrosse,365
Lacygne,65
Ladson,3
Lady Lake,1
Lafayette,10
LAFAYETTE,1
Lago Vista,1
Lagrange,1
LaGrange,1
Laharpe,6
LaJunta,1
Lake Andes,1
Lake Charles,2
Lake City,70
Lake Elmo,1
Lake Forest,1
Lake Forest Park,1
Lake Lotawana,2
Lake Oswego,2
Lake Quivira,2
Lake St Louis,2
Lake Winnebago,1
Lake Worth,2
Lake Worth Beach,1
Lakehurst,1
Lakeland,2
Lakeside,1
Lakeview,1
Lakeville,1
Lakew,1
Lakewood,32
LAKEWOOD,1
Lakewood Ranch,1
LakeWOOD RCH,1
Lakim,1
lakin,1
Lakin,1617
LAKIN,13
Lakinield,1
Lamant,1
Lamar,4
LAMAR,1
Lamarque,1
Lamberton,1
Lamoni,2
lamont,1
Lamont,10
Lampasas,1
Lampe,2
Lancaster,124
Lancaster Ks,3
Landers,1
Landisburg,1
Landover,1
Lane,46
Lanett,1
Langdon,1
Langley,1
Langston,2
Lansing,233
LANSING,1
Lantana,1
Laporte,1
Laquey,1
Laramie,6
Laredo,2
larned,1
Larned,171
Las Animas,2
Las Cruces,1
Las Cuces,1
Las Vegas,22
LAS VEGAS,1
Lasalle,1
Latham,30
Latimer,1
Laughlin,1
Laurel,1
Laveen,1
Laverne,2
LaVista,2
Law,2
Lawerence,7
Lawernce,1
Lawre,1
lawrence,1
Lawrence,1732
LaWRENCE,4
LAWRENCE,9
Lawrence Township,1
"Lawrence, Ks",1
Lawrenceburg,1
Lawrencville,1
Lawton,14
Layton,3
Le Claire,1
Le Grand,1
Le Mars,1
Le Roy,185
Leachville,1
Leadville,1
League City,4
Leavenwirth,1
Leavenworth,586
LEAVENWORTH,7
Leavenwoth,1
Leavewnorth,2
Leavonworth,1
Leavwnworth,1
Leawood,127
LEAWOOD,1
Lebanon,34
Lebo,293
LEBO,1
Leclaire,1
LeClaire,1
Lecompton,172
Ledyard,2
Lee's Summit,16
Lee Summit,7
Lees summit,1
Lees Summit,29
LeES SUMMIT,1
LEES SUMMIT,3
Lees Summot,1
Leesburg,1
Leessummit,1
Leesville,5
Lehi,1
Lehigh,60
Lehigh Acres,1
Leicester,1
Leland,2
Lemon Grove,1
Lemoore,2
Lemoore Nas,1
Lenexa,353
LENEXA,11
Lenora,185
Lenox,1
Leon,212
Leona,1
Leonardville,135
Leonra,1
Leoti,513
Leroy,22
LeRoy,10
LEROY,3
Lesington,1
Levan,1
Levant,14
Lewis,131
LEWIS,1
Lewis McChord,3
Lewisham,1
Lewiston,1
Lewisville,3
Lexington,14
Lexington Park,1
Libe,1
Libeal,1
Libera,1
Liberal,1050
LIBERAL,1
Liberal Ks,2
Liberty,101
Libertyville,1
Librral,1
Liebenthal,11
"Liege, liege",1
Lilburn,1
Lillian,1
Lillington,1
Lima,2
Limon,2
Linbdsborg,1
Lincokn,1
Lincoln,522
LINCOLN,5
Lincolnton,1
Lincolnville,95
Linden,1
Lindenhurst,1
Lindsborg,165
Lindstrom,1
Linn,70
Linn Creek,1
LINN CREEK,1
Linn Valley,28
Linwood,186
Linwoood,1
Litchfield,2
Litchfield Park,1
Little Riv,1
Little River,246
Little Rock,8
Little Rock Afb,1
Littlefork,1
Littleton,11
Livermore,1
Livingston,8
Lk Nebagamon,1
Lockport,1
Locton,1
Locust Grove,1
Lodi,1
Logan,227
Logansport,1
Loganville,2
LOGANVILLE,2
Lohrville,1
Loma Linda,2
Lompoc,1
Lone jack,1
Lone Jack,2
Lone Tree,2
Long Beach,1
Long Island,26
Long Island Cit,1
Long Island City,1
Longford,50
Longmont,6
Longton,68
Longview,2
Longwood,1
Lonoke,1
loraine,1
Lorena,3
Lorraine,4
Lorton,4
Los Alamos,1
Los Angeles,69
Lost Springs,24
Loudon,1
Louisburg,685
Louisville,9
Lousiburg,2
loveland,1
Loveland,5
Lovington,1
Lowell,1
Lubbock,9
Lucas,251
Ludell,99
Ludowici,2
Luke Afb,2
Luray,145
Lutz,1
Lynchburg,7
Lyndhurst,1
Lyndon,298
Lynn,1
Lynn Haven,1
Lynnwood,2
Lyons,187
MABLETON,1
Machias,1
Macksville,111
MacKsville,56
MacKsville Ks,1
Macomb,1
MacOmb,1
Madison,625
MADISON,2
Magnolia,2
Mahaska,8
Mahattan,3
Mahnattan,1
Mahomet,1
Maitland,1
Maize,332
Makawao,2
Malden,1
Malibu,2
Malvern,1
Mamaroneck,1
Man,1
Manahattan,1
Manchester,6
Manh,2
Manha,2
Manhatta,1
manhattan,3
Manhattan,2250
ManHATTAN,1
MAnhattan,1
MANHATTAN,10
Manhattan Ks,1
Manhatten,9
Manhatton,1
Manitoba,1
Manitou Springs,1
Mankato,70
Mannford,1
Manning,1
Manokotak,1
Manor,2
Mansfield,4
Manter,125
Maple Hill,208
Maple Park,1
Mapleton,31
Maplewood,1
Marana,2
Marathon Key,2
Marco Island,1
MARGATE,1
Maricopa,4
Marienthal,14
Marietta,3
Marion,118
Marlboro,1
Marlborough,1
Marlton,2
Marquette,272
Marqutte,1
Marrero,1
Marriottsville,2
Marshall,1
Marshalltown,1
Mary Esther,1
Maryland Heights,2
Marysville,122
Maryville,22
Mashpee,1
Massena,1
Matfield Green,10
Maumelle,1
Maya Vista,1
Mayetta,143
Mayfield,15
Maysville,1
MAYVIEW,1
Mazie,1
mc cook,1
Mc Cracken,1
Mc Cune,14
Mc Donald,14
Mc Farland,9
Mc Lean,1
Mc Louth,256
McAs Cherry Poi,1
McCall,2
McCalla,1
McChord Afb,1
MCCHORD AFB,1
McCleary,2
McCook,3
McCOOK,1
MCCOOK,1
McCool Jct,1
Mccracken,1
McCracken,62
Mccune,51
McCune,37
McDonald,167
Mcfarland,77
McFarland,33
McHenry,1
McKenney,1
McKinney,6
McLean,1
Mclouth,15
McLouth,70
McPerson,1
Mcpherson,1
McPherson,251
MCPHERSON,1
Me,1
Mead,2
Meade,1198
Medcine Ldg,1
Medford,5
Medical Lake,1
Medicine Ldg,1356
MEDICINE LDG,1
Medicine Lodge,64
MEDICINE LODGE,1
Medora,1
MEGARGEL,1
Melbourne,3
Melissa,1
Melvern,82
Memphis,23
Menifee,1
Menlo,9
Menlo Park,2
Menomonee Falls,1
Mer,1
MERCEDES,1
Meri,1
Meriden,272
Meridian,1
Meridien,1
Merna,1
Merriam,35
MERRIAM,3
Mesa,14
MESA,2
Mesquite,2
Metairie,4
Miami,21
MIAMI,5
Middle River,1
Middleboro,2
Middleburg,2
Middlebury,2
Middlefield,1
Middleton,3
Middletown,2
Midland,6
Midlothian,2
Midway Park,1
Midwest City,3
Milan,1
Milbridge,1
Miles City,1
Milfod,1
Milford,225
MIlford,1
MILFORD,1
Mililani,4
Milkwaukee,1
Mill Creek,1
Millersville,2
Millington,3
Millville,1
Milton,34
Miltonvale,81
Milwaukee,14
Mimbres,1
Minneapolis,146
MINNEAPOLIS,1
Minneola,610
MINNEOLA,5
Minnepolis,1
Minnetonka,1
Minot,6
Minot Afb,2
Miramar Beach,4
Mission,147
MiSSION,1
MISSION,16
Mission Hills,6
Mission Viejo,1
Missoula,4
Missouri City,3
Mitchell,1
Moab,1
Moberly,1
Mobile,4
Mobridge,1
Modesto,1
Modoc,1
Moffat,1
Moline,107
Moncks Corner,1
Mongomery,1
Monroe,2
Monrovia,2
Monterey,5
Montery,1
Montevallo,2
Montevideo,1
Montezuma,417
Montgomery,2
Montverde,1
Monument,1
Moody Afb,1
Moore,9
Moran,72
Morehead,1
Morgan Hill,1
Morgantown,10
Morganville,61
Morland,116
Morrill,25
Morrilton,1
Morris,2
Morrison,2
Morrisville,2
Morrowville,43
Morton,1
Moscow,199
Moss Bluff,1
Mound,1
Mound City,145
Mound Valley,88
Moundridge,355
MOUNDRIDGE,1
Mount Carmel,1
Mount E,1
Mount Holly,2
Mount Holly Springs,1
Mount Hope,207
Mount Hope Ks,1
Mount Pleasant,1
Mount Prospect,2
Mount Vernon,1
Mountain Home,4
Mountain View,2
Mountainair,2
Mountainhomeafb,1
Moville,1
Mt,1
Mt Carmel,1
Mt Hope,13
Mt. Hope,3
Mt. Prospect,1
Mukwonago,1
Mul,1
Mulberry,78
Mulbery,1
Muleshoe,1
Mullett Lake,1
Mullinville,78
Mulvane,155
Munden,75
Murdo,1
Murdock,108
"Murdock,",6
Murfreesboro,3
Murleta Riverside,1
Murray,1
Murrieta,1
Muscotah,36
MUSKEGON,1
Muskogee,4
MuSKOGEE,1
Mustang,1
Myrtle Creek,1
N Charleston,4
N Las Vegas,2
N Newton,3
N. Charleston,1
N. Chesterfield,1
N. Montana Township,6
Nacogdoches,1
Napa,1
Naperville,5
Naples,6
Narka,58
Narvik,1
NAS JRB,1
Nashbille,1
Nashville,149
Natchitoches,1
National City,1
Natoma,75
Navarre,1
Neal,35
Needham,1
Nekoma,3
Nellis Afb,1
Nellis AFB,1
Neodesha,152
Neosho,9
NEOSHO,2
Neosho Falls,2
Neosho Rapids,52
Ness City,181
Netawaka,7
Nevada,6
New Albany,1
New Almelo,15
New Bern,4
New Blaine,2
New Braunfels,3
New Cambria,22
New Century,1
New Haven,10
New Market,1
New Orleans,28
New Orleons,1
New Palestine,2
New Port Richey,1
New Smyrna,1
New Smyrna Beach,1
New Strawn,25
New Town,1
New Windsor,1
New York,113
New YORK,1
NEW YORK,1
New York City,11
New York Mills,2
"New York, Ny",1
Newalla,1
Newark,3
Newberg,2
Newbern,1
Newberry Springs,1
Newburgh,1
Newbury Park,1
Newcastle,1
Newhall,2
Newkirk,2
Newport,6
Newport Beach,3
NEWPORT BEACH,1
Newport News,7
Newton,210
Newton Center,1
Nibley,1
Niceville,1
Nicholasville,1
Nickerson,195
Nickerson Ks,37
"Nickerson, Kansas",1
Niles,1
Niotaze,62
Nixa,2
NIXA,1
Nor,1
Nora Springs,1
Norcatur,144
Norcross,1
NORCROSS,1
Norfold,1
Norfolk,28
Normal,3
Norman,55
North Beach,2
North Bend,1
North Bethesda,1
North Bridgton,1
North Canton,1
North Charlesto,1
North Charleston,1
North Chesterfield,1
North Chicago,2
North Hampton,1
North Hollywood,5
North Jackson,1
North Kansas City,3
NORTH KANSAS CITY,1
North Las Vegas,5
North MANCHESTR,1
North Newton,254
North Oaks,1
North Platte,4
"North Platte, NE",2
North Pole,1
North Richland,1
North Salt Lake,1
Northampton,1
Northfield,6
Northglenn,1
NorthPlatte,2
Northridge,1
Nortno,2
Norton,1205
NORTON,1
Nortonville,155
Norwalk,1
Norway,4
NORWAY,2
Norwich,276
Notre Dame,20
Nottingham,1
Nowata,3
NOWATA,1
NSB Silverdale,1
NSW Australia,1
O'Fallon,2
O Fallen,1
O Fallon,1
Oak Creek,1
Oak Grove,4
Oak GROVE,1
Oak Harbor,11
OAK HARBOR,1
Oak Park,1
Oakdale,4
Oakland,3
Oakley,162
Oberlin,447
OBERLIN,2
Ocala,2
Occoquan,1
Ocean Side,1
Oceana,1
Oceano,1
Oceanside,21
OCEANSIDE,1
Odenton,1
Odessa,4
Ofallon,1
Offerle,8
Offutt A F B,1
Offutt Afb,4
Ogallah,1
Ogde,1
Ogden,819
Oilton,2
Oketo,24
Oklahoma,3
Oklahoma City,68
OKLAHOMA CITY,2
Olathe,661
OLATHE,9
Old Town,1
Olive Branch,1
Olmitz,50
Olpe,200
Olsburg,125
Olsburg Kansas,1
Olympia,4
Olympia Fields,1
omaha,1
Omaha,102
OMAHA,2
Onaga,190
Oneida,2
Oneill,1
Oneonta,1
OOLOGAH,1
Ooltewah,1
Opelika,1
Opo,1
Opolis,68
OPOLIS,1
Orange,3
Orange City,3
Ord,1
Orem,7
Orlando,15
Orleans,1
Orono,1
Oronogo,2
ORONOGO,1
Oroville,1
Osage,1
Osage Beach,2
Osage City,151
Osage Coty,2
Osawatomie,439
Osborne,98
Osceola,1
Oshkosh,1
Oskaloosa,272
Oswego,65
Otis,177
OTIS,1
Ottawa,342
Oveido,1
Overaland Park,1
Overbrook,268
Overland,3
Overland Park,1141
OVERLAND PARK,14
"Overland Park, Ks",2
Overlandpark,1
Overlland Park,1
Overton,1
Oviedo,2
Owasso,8
OWASSO,1
Owatonna,1
Owensboro,2
Oxford,468
Oxnard,3
Ozark,6
Ozawkie,70
Pacific Grove,3
Pactrick Afb,1
Page,1
PAHOA,2
Pahrump,1
Palatine,1
Palco,151
Palm Beach Gardens,1
Palm Harbor,1
Palm Springs,1
Palmer,30
PALMER,1
Palmerton,1
Palmetto,3
Palmyra,1
Palo Alto,4
Palo Pinto,1
Palos Park,1
Panama City,2
Paola,765
Papillion,9
Paradise,50
Paradise Valley,1
Parairie Village,1
Paraons,1
Paris,2
Park,34
Park City,27
Park Hill,1
Park Ridge,1
Parker,65
Parker Dam,1
Parkerfield,2
Parkton,1
Parkville,17
PARKVILLE,1
Parlin,1
PARLIN,1
Parma,1
Parry,1
Pars,1
Parsons,298
Part,1
Partridge,83
Partridge Ks,3
Pasadena,3
Patterson,1
Pauline,2
Pawnee City,1
Pawnee Rock,119
Pawneerock,1
Paxico,118
PAXICO,1
Payson,2
Payton,1
Pea Ridge,1
Peabody,65
Peachtree Corners,1
Pearcy,1
Pearl City,5
Pearland,4
Pechtree city,1
Peck,100
Peculiar,7
Pemberton,1
Pembroke Pines,1
Penalosa,17
Pennsville,1
Penokee,46
Pensacol,1
Pensacola,11
Peoria,4
Peotone,1
Perkins,1
Perry,365
Perryton,1
Peru,60
Petal,1
Petaluma,1
Peyton,4
PEYTON,1
Pfeifer,7
Pflugerville,3
Phenix City,3
Pheonix,2
Philadelphia,11
Phillipsburg,170
Phillipsburh,1
PHILPOT,2
Phoenix,36
PHOENIX,2
Picacho,1
Pickville,1
Piedmont,45
Pierce City,1
PIERCE CITY,1
Pierceville,10
Pierre,3
Pike Road,1
Pikesville,1
Pikeville,1
Pinceton,1
Pine Grove,2
Pinedale,1
Pinehurst,1
Pinellas Park,1
Pineville,1
Pingree Grove,1
Pinnacle,1
Pinon,1
Piqua,4
Piscataway,1
Pitsburg,1
Pittburg,1
Pittburgh,1
Pitts,2
Pittsburg,749
PITTSBURG,3
"Pittsburg,",2
Pittsburgh,10
Pittsfield,1
Plainfield,1
Plains,721
Plainview,1
Plainville,118
PLAINVILLE,1
Plano,6
Plaquemine,1
Plato,1
Platte,1
Platte City,16
Platteville,1
Plattsmouth,1
Pleasant Grove,1
Pleasant Hill,2
Pleasant View,1
Pleasant Vly,1
PLEASANT VLY,1
Pleasanton,313
Plevna,7
Plymouth,2
Pocatello,1
Point Lookout,18
POINT LOOKOUT,1
Pomona,107
Ponca,1
Ponca City,6
Ponco City,1
Ponte Vedra Bea,1
Pooler,5
Pope Army Airfield,1
Poquoson,2
Port Angeles,1
Port Aransas,4
Port Bolivar,1
Port Charlotte,2
Port Hueneme,4
Port Huron,1
Port Orange,2
Port Orchard,5
Port St Lucie,1
Portage,1
Porte Vedva Beach,1
Portis,61
Portland,22
Portsmouth,12
Post Falls,1
Potomac,1
Potter,1
Pottstown,2
Potwin,155
Poughkeepsie,2
POUGHKEEPSIE,1
Poulsbo,1
Poway,2
Powell,1
Powhattan,36
Prairie,2
Prairie Grove,1
Prairie View,34
PRAIRIE VIEW,1
Prairie Village,138
"Prairie Village, Ks",1
Prairie Vlg,1
Prairieville,2
Prarie Village,1
Pratt,282
Prescott,50
PRESCOTT VALLEY,1
Presque Isle,1
Prest,1
Preston,6
Pretty Praire,1
Pretty Prairie,222
Prewitt,1
Priarieville,1
Price,1
Prince George,1
Princeton,124
"Princeton, Ks",1
Prineville,1
Prir Lake,1
Prospect Heights,1
Prosper,2
Protection,394
PROTECTION,1
Providence,11
Provo,45
PROVO,2
Pryor,5
Pt pleasant,1
Pt Pleasant,1
Pueblo,7
Purcell,2
Purcellville,1
Purchase,2
Puyallup,1
Quantico,6
Quapaw,9
QUAPAW,2
quartsite,1
Queen Creek,2
Queens,2
Quemado,1
Quenemo,141
Quincy,6
Quinlan,2
Quinter,316
QUINTON,1
Racine,1
RACINE,1
Radcliff,1
Radium,5
Raeford,1
Rago,47
Rainier,2
Raleigh,5
Ramona,35
Rancho Cordova,2
Rancho Cucamonga,2
Rancho Santa Fe,1
Randall,11
Randolph,52
Ransom,111
Ranto,1
Rantoul,77
Rapid City,5
RapidCity,1
Rathdrum,2
RATON,1
Raymond,40
Raymore,7
RAYMORE,3
Raynesford,1
Raytown,16
RAYTOWN,1
Reading,38
Red River,1
Redding,1
Redfield,42
Redlands,1
Redondo Beach,1
Redwood Falls,1
Reedley,1
Reeds Spring,2
Remus,1
Reno,3
Renton,3
Republic,86
Reseda,1
Rexburg,15
Rexford,152
Richamond,1
Richardson,6
Richfield,100
Richlands,1
Richmond,152
RICHMOND,1
Richmond Height,1
Richmond Hill,2
RICHMOND HILL,1
Richmons,1
Richond,1
Ridgecrest,1
Ridgedale,1
RIDGEDALE,1
Ridgefield,2
Ridgewood,1
Riley,134
Rio Hondo,1
Rio Rancho,4
Ripon,1
River Ridge,1
Riverbank,1
Riverdale,1
Riverside,6
RIVERSIDE,1
Riverton,224
Riveton,1
Roach,1
Roanoke,1
Robbinsdale,1
Robbinsville,1
Robinson,92
Rochester,16
Rociada,2
Rock,6
Rock Island,1
ROckford,1
Rocklin,1
ROCKLIN,1
Rockport,1
Rockvale,1
Rockville,3
Roeland Park,22
ROELAND PARK,2
Rogers,8
ROGERSVILLE,1
Roi-Namur,1
Rolla,401
Rome,1
Romeoville,4
Roosevelt,1
Rosalia,88
Roscommon,1
Rose Hill,357
Rose HIll,1
"Rose Hill, Ks",1
Rosehill,3
Rosemount,1
Roseville,4
Rosharon,2
Rossville,284
Round Rock,2
RoundRock,1
Roxbury,27
Roy,2
Royal Palmbeach,1
Royse City,1
Rozel,78
Rumford,1
Rupert,2
Rusell,1
Rush Center,46
Rush Springs,1
Rushville,1
Russel,1
Russell,2136
RUSSELL,1
Russell Springs,1
"Russell,ks",1
Russelll,2
Ruston,1
Rutherfordton,1
Rutland,1
S Coffeyville,3
S Hutchinson,10
S Sioux City,1
Sabetha,89
Sablette,1
Saco,1
Sacramento,4
Saegertown,1
Safford,1
Saginaw,2
Saint Augustine,2
Saint Cloud,2
Saint Francis,103
Saint George,90
Saint John,13
Saint Joseph,16
SAINT JOSEPH,2
Saint Louis,26
Saint Louis Park,1
Saint Mary's,1
Saint Marys,49
Saint Paul,33
SAINT PAUL,2
Saint Peters,1
Saint Petersburg,3
Saint Robert,3
Salado,1
Salem,9
SALEM,1
Salida,1
Salina,627
SALINA,2
Salinas,5
Salt Lake,1
Salt Lake City,16
SALT LAKE CITY,1
San Angelo,4
San Antonio,47
SAN ANTONIO,1
San Benito,1
San Bernardino,1
San Clemente,1
San Diego,73
San Fancisco,1
SAN FELIPE,1
San Francisco,14
San Jose,4
San Juan,1
San Luis Obispo,3
San Marcos,6
San Rafael,2
San Tan Valley,2
San Ysidro,2
Sandiego,1
SANDSTON,1
Sandy,2
Sandy Springs,1
Sanford,8
SANFORD,3
Sanger,1
Sanibel,1
Santa Barbara,3
Santa Clara,4
Santa Clarita,3
Santa Cruz,4
Santa Fe,3
Santa Paula,1
Santa Rosa,1
Santa Rosa Beach,1
Santana,1
Santaquin,1
Santee,1
Sapulpa,2
Saranac,1
Saranac Lake,1
Saranta,1
Sarasota,2
Saratoga Spring,1
Sarcoxie,1
Sargent,1
Sargents,2
Satana,1
Satanta,886
SATANTA,1
Satata,1
Satatna,3
Satellite Beach,1
Sault Ste Marie,2
Sautee Nacoochee,1
Savage,2
Savannah,17
Savonburg,3
Savoy,2
Sawyer,52
SAYRE,1
Scammon,121
Scandia,199
Schaumburg,1
Schertz,2
Schoenchen,70
Schuylkill Haven,1
Scio,2
Scott,1
Scott Afb,5
Scott AFB,2
Scott Air Force Base,2
Scott City,265
Scottsbluff,2
Scottsdale,9
Scottsville,1
Scranton,64
Scurry,1
Seabeck,1
Seabrook,1
Seagoville,1
Seal Beach,1
Searcy,5
Seaside,3
Seattle,32
Sedalia,5
Sedan,98
Sedgwick,331
Seea,1
Seguin,1
Seiling,1
Selden,320
Select City,2
Seminole,1
Semmes,1
Seneca,95
Seneca Ks,1
Sequim,1
Severn,2
Severy,177
Seward,11
Sewickley,1
Seymore,1
Shady Spring,1
Shakopee,1
Shanghai China,1
Shanwee,1
Sharon,251
SHARON,1
Sharon Spgs,13
Sharon Springs,330
Sharpsville,1
Shaw Afb,3
Shaw AFB,1
Shawnee,358
SHAWNEE,11
Shawnee Misison,1
Shawnee Mission,201
Shawnee Msn,3
Sheffield,1
Shelby,1
Shelby TWp,1
Sheldon,1
Shell Knob,6
Shelton,1
Sheppard Afb,3
Sheppard AFB,1
Sherburn,4
Sheridan,2
Sherman,1
SHERMAN,2
Sherman Oaks,5
SHERWOOD,1
Shiner,1
Shoreham,1
Shorewood,1
Shreveport,4
Shubuta,1
Sidney,1
Sierra Madre,1
Sierra Vista,2
Siloam Spgs,1
Siloam Springs,23
SILOAM SPRINGS,1
Silver Lake,161
SILVER LAKE,1
Silver Spring,2
Silverdale,2
Silverhill,1
Silverlake,2
SILVERTHORNE,1
Silverton,2
Simi Valley,1
Simpson,36
Sioux Center,4
Sioux City,2
Sioux Falls,9
SJAFB,1
Skiatook,3
Sloan Springs,1
Smith Center,55
Smithtown,1
Smithville,2
Smolan,4
Smyrna,1
Sneads Ferry,7
Snell Knob,1
Snellville,1
So. Euclid,1
Solana Beach,1
Soldier,14
Solebury,1
Solomon,186
Solon,2
Somerset,3
Somerville,9
Sour Lake,2
South Beach,1
South Bend,11
South Burlington,1
South Charleston,1
South Euclid,1
South Fork,3
South Hadley,3
South Haven,195
South Hutch,1
South Hutchinso,1
South Hutchinson,9
South Miami,1
South Orange,2
South Padre Island,2
South Royalton,1
Southern Pines,1
Southport,1
Spanaway,1
Spanish Fort,2
Sparks,1
Sparta,2
Spartanburg,2
Spartenburg,1
Spearville,319
Sperry,2
Spicer,1
Spicewood,2
Spingfield,1
Spivey,66
SPIVEY,1
Splendora,1
Spokane,8
Spring,7
Spring hill,1
Spring Hill,291
SPRING HILL,1
Spring Lake,6
Spring Valley,1
Springdale,8
Springerville,1
Springfield,76
SPRINGFIELD,3
Springhill,1
St Augustine,2
St Augustine Beach,1
St Charles,2
St City,1
St Cloud,1
St Francis,593
St George,182
St Joesph,1
St John,119
St Joseph,7
St Leo,1
St Louis,22
ST LOUIS,1
St marys,1
St Marys,198
St Paul,128
St Thomas,1
St. Charles,1
St. Francis,353
St. Geor,1
St. George,11
St. Helena,1
St. John,5
St. Joseph,5
St. Louis,33
ST. LOUIS,1
"St. Louis,",1
St. Marys,8
St. Paul,11
St.francis,1
St.george,2
St.john,1
St.marys,2
Stafford,102
Stafford Va,1
Stamford,3
Stanford,10
Stanley,6
Stanton,1
Stark,27
State College,4
State University,1
State Univrsity,1
Staten Island,2
Statesville,1
Steamboat Spr,1
Steamboat Springs,1
Stedman,1
Stephenville,1
Sterling,153
Sterling Heights,1
Steubenville,1
Stevens Point,1
Still Water,1
Stillwater,69
Stillwell,7
Stilwell,90
STITES,1
Stocktom,1
Stockton,107
STONE MTN,1
Stone Mtn.,1
Stony Brook,2
Stoughton,1
Stratton,3
Strong City,173
STRONG CITY,1
Studio City,1
Studley,3
Stuttgart,6
Sublett,1
Sublette,1240
Subltte,2
Suffolk,6
Sugar Creek,1
Suglarland,1
Sulphur springs,1
Summerfield,50
Summers,1
Summerville,3
Sumter,2
Sun City,47
Sun City West,2
Sun Valley,1
Sunrise,1
Sunrise Beach,4
Superior,27
Surpai,1
Surprise,7
Susank,1
Sutton,1
Swannanoa,1
Swanquarter,1
Swansea,2
Swarthmore,1
Sweeny,1
Sycamore,71
SYCAMORE,1
Sylvan Grove,173
Sylvester,2
Sylvia,104
Syracue,1
Syracuse,1175
SYRACUSE,1
Syracuse Ks,1
"Syracuse,",1
Syrocuse,1
T12TD4E,1
Tacoma,10
Tahlequah,5
Talihina,1
Tallahassee,6
Talmage,50
Tamarac,2
Tampa,45
TAMPA,1
Tarawa Terrace,1
Taylorsville,1
Taylorville,1
Tecumseh,45
Teleford,1
Temecula,5
Temequla,1
Tempe,17
Temple,5
TEMPLE,1
Temple Terrace,1
Terre Haute,5
TERRE HAUTE,1
Terrell,1
Tescott,74
Thayer,101
Thayne,2
The Colony,3
The Villages,2
The Woodlands,1
Thornton,3
Timken,10
Tinley Park,1
Tipton,122
Tishomingo,1
Toccoa,2
Tokio,1
Toledo,1
Tom Bean,1
Tomball,1
TOMBALL,1
Toms River,1
Tonganoxie,529
TONGANOXIE,2
Tongaxoxie,1
Tongienoxie,1
Tontitown,1
Tooele,1
Topeka,1412
TOPEKA,11
Topeka Ks,1
Topkea,2
Toronto,74
Towanda,404
Townshend,1
Traverse City,1
Travis Afb,6
Travis AFB,1
Trenton,7
Tri,1
Triangle,1
Tribune,851
TRIBUNE,1
Trinity,1
Trout Lake,1
Troy,314
Tucker,1
Tucson,57
tulsa,1
Tulsa,56
Tumwater,2
TUPELO,1
Turlock,1
Turon,176
Turpin,6
Tuscaloosa,15
Tuscon,1
Twenty Nine Pal,1
Twenty Nine Palms,1
Twentynin Plm,1
Twentynine Palms,1
Twin Falls,1
Twin lakes,1
Twinsburg,1
Tyler,1
Tyngsboro,1
Tyro,121
Tyrone,2
Udall,79
UK,1
Ukiah,1
Ulysses,455
ULYSSES,2
Union,2
Union City,1
Uniontown,113
United Kingdom,1
Universal City,3
University City,3
University Park,1
Upland,1
UPLAND,2
Upper Marlboro,1
Urbana,8
Urbandale,2
Usaf Academy,8
USAF Academy,4
Usafa,1
USAFA,1
Utica,86
Vacaville,3
Vail,1
Valdosta,5
Valencia,1
VALLE DE ORO,1
Vallejo,1
Valley Center,144
Valley Falls,97
Valley Mills,2
Valley Park,1
Valley Village,3
Valparaiso,1
Van Buren,1
Van Nuys,2
vancouver,1
Vancouver,3
varna,1
Vashon,1
Vassar,48
Venice,2
Ventura,2
Vermilliom,1
Vermillion,17
Vero Beach,2
Verona,1
Vestavia,1
Vichy,1
Victor,1
Victoria,346
Victorville,1
Vidalia,1
Vienna,2
Viginia Beach,1
Villa Grove,1
Village Loch Loyd,1
Villanova,2
Vilonia,1
Vine Grove,3
Vineyard,1
Vinita,2
Viola,46
virgil,3
Virgil,75
Virginia Bch,1
Virginia Beach,36
Visalia,3
Vista,1
Vliets,1
W Bloomfield,1
Wa Keeney,53
Waco,28
WACO,1
Wade,1
Wadmalaw Island,1
Wahiawa,14
Waianae,1
WAIMEA,1
Waipahu,1
Wakarusa,18
Wakeeney,46
"Wakeeney, Kansas",1
Wakeeny,1
Wakefield,248
WAKEFIELD,1
Walden,1
Waldo,30
Waldorf,4
Waldport,1
Waldron,1
Walker,3
Walla Walla,2
WalLA WALLA,1
Wallace,4
Wallingford,1
Walls,1
Walnut,44
walsh,1
Walsh,2
Waltham,3
Walton,130
Wamego,675
Wamgeo,1
Wann,1
Warm Springs,1
Warner Ribons,1
Warner Robins,2
Warners,1
Warrens,1
Warrensburg,23
Warrenton,2
Warrenville,2
Warsaw,6
WARSAW,1
Washington,122
WASHINGTON,2
Washington Dc,2
Washington Grove,1
Wasilla,1
Wasington,1
Watauga,1
Waterford,1
Waterloo,1
Watertown,3
WATERTOWN,1
"Watertown, Ny",1
Waterville,212
Watford City,2
Wathena,511
Waukee,1
Waukegan,1
Waukesha,2
Waverly,180
WAVERLY,1
Waxahachie,3
Wayne,2
Waynesboro,1
Waynoka,1
WEATHERBY,1
Weatherby Lake,1
Weatherford,4
Weaverville,2
Webb City,15
Webber,8
WEBBER,1
Webster,1
Weir,207
Weiser,1
Welch,1
Welda,63
Wellesley,1
Wellesley Hills,1
Welling,1
Wellington,404
Wells,1
Wellsville,307
Wellsvlle,1
Wellville,1
Wenham,1
Wentzville,2
Wernersville,1
Weskan,31
Weslaco,3
West Des Moines,1
West Fargo,1
West Fork,1
West Glacier,4
West Grove,1
West Hartford,2
West Haven,2
West Hollywood,4
West Jordan,1
West Lafayette,25
West Melbourne,1
West Memphis,1
West Mineral,121
West New York,1
West Orange,1
West Palm Beach,1
West Plains,1
West point,1
West Point,10
West River,1
West St. Paul,1
West Yellowstone,1
Westchester,2
westcliffe,1
Westcliffe,2
Westerville,2
Westfall,4
Westminster,5
Westmoreland,333
"Westmoreland, Ks",1
Weston,2
WESTON,1
Westphalia,34
Westport,2
Westwood,12
Westwood Hills,3
Wetmoe,1
Wetmore,75
Wetumpka,2
Wharton,1
Wheat Ridge,3
Wheatland,1
Wheaton,7
Wheatridge,2
Wheeler,10
Wheeling,1
Whichita,1
White City,453
White Cloud,56
White Hall,1
White Sands,1
White Springs,1
White Sulphur Spgs,1
Whiteman Afb,1
Whiteman AFB,1
Whiteman Air Force Base,1
Whitesboro,1
Whitewater,236
Whiting,49
Whitmore Lake,1
Whittier,1
Wichiat,1
wichita,2
Wichita,3632
WICHITA,6
Wichita Falls,3
Wichita Ks.67220,1
"Wichita, Ks",1
"Wichita,ks",1
Wichta,2
Wildesood Crest,1
Wildwood,1
Wildwood Crest,1
Wilkes Barre,1
Willamsburg,1
Willard,3
Williams Bay,1
Williamsburg,162
WILLIAMSBURG,2
Willilamstown,1
Willington,1
Willow,1
Wilmington,9
Wilmont,1
Wilmore,80
Wilmot,1
Wilsey,148
Wilson,376
WILSON,1
Wilsonville,4
Winamac,1
Winchester,178
Windom,57
Windsor,2
Windsor Heights,1
Winfeald,1
Winfield,267
Winfild,1
Wingate,1
Winnemucca,2
Winnetka,1
Winnett,1
Winnsboro,1
Winona,155
Winston-Salem,4
Winston Salem,3
Winter Garden,5
Winter Haven,1
Winter Park,2
Winter Springs,1
Winton,1
Witchia,1
Wood River,1
Woodbine,111
Woodbridge,9
WOODBRIDGE,1
WOODLAND,1
Woodland Hills,2
Woodrow,1
Woodside,3
Woodstock,2
Woodston,14
Woodward,3
Wooster,1
Worcester,1
"Worcester,",1
Worsaw,1
Worthington,1
Wright,86
Wyandanch,1
WYANDOTTE,1
Wymore,4
Wyncote,1
Wytheville,1
Xenia,1
Yachats,2
Yarnell,1
Yates Center,83
Ye,1
Yelm,2
Yoder,45
York,3
Yorktown,2
Ypsilanti,4
Yuba City,3
Yucca Valley,2
Yukon,12
Yuma,9
Zanoni,2
Zenda,71
Zephyrhills,1
Zion,1
Zurich,5
