polling_place_text_name,Count
,82
-wilson County Courthouse - Townships,1046
01 Lawrence-Douglas County Health Department,782
01/02 McKenzie Center,1580
02/03/07 Carnegie Building,2357
03/04 Carver Center,1437
04/05/42 Doubletree Hotel - Convention Center,2723
05 St Johns Msn Bapt Ch,1781
06 First Presbyterian Ch,1028
06/13 American Legion,2155
07/08 Kenwood Hall,2590
08/40 Trinity Lutheran Church,1816
09/21 University Community of Christ Church,1262
1 Fairgrounds. -Pct. 4 & 5,2056
10 Burge Union,350
10 Fairgrounds - Pct. 23 & 23 Ex,1578
10 VFW Building,1681
11 Christ Covenant Reformed Presbyterian Church,893
11 Fairgrounds - Pct. 24 & 25,1764
11/12/13 Trinity Lutheran Ch Hl,1370
"12 Fairgrounds - Pct. 26, 26 Ex & 29",1163
12/23/24 First Baptist Church,3105
12th Street Community Center,4203
13 Fairgrounds - Pct. 30 & 31,1167
"14 Fairgrounds - Pct. 32, 33 & 35",800
14 First Baptist Church,974
14/17 First Presbyterian Church,3528
"15 Fairgrounds - Pct. 1, 2 & 3",1573
15 Immanuel Lutheran Church,1344
15/21/22 First Ch of the Nazarene,2366
151st Street Church of Christ,3466
16- Fairgrounds- Pct. 27 & Clay North,1397
16/27 First Covenant Ch,1527
16/46 Arterra Event Gallery,3371
17 Church of the Cross,2519
18/19/20 St Mary's Parish Center,3396
18/48 Rev City Church,3245
19 Brandon Woods - Smith Center,1312
1st Baptist Church,1090
1st Southern Baptist,1064
"2 Fairgrounds - Pct. 6, 7 & 8",1938
20/71 First Southern Baptist Church,3693
22/76 Connect Church,1497
23 Ray Avenue Baptist Ch,1378
24/28/29 Trinity United Meth Ch,2083
24th District Courthouse,1956
25/26 Central United Methodist Church,1597
25/26 Redeemer Lutheran Ch,1719
27/28 Redemption Hill Church,1678
29 Checkers Food Store,852
3 Fairgrounds - Pct. 9 & 10,2061
30/31 Sa Area Tech College,1598
30/32 Dg Co Human Services Building,2005
31 Southside Church of Christ,1115
33 Vintage Church,846
34 Haskell Light,690
35 E. Lawrence Rec Center,1183
36/37/38/77 Flory Meeting Hall - Fairgrounds,4852
38/65 Cornerstone Community Church,484
39 Cider Gallery,1058
4-H Building-Highland 2-08.01/08.05,84
4-H Building-Sandcreek-10.4/10.06,20
4-H Building-Solomon 1-10.3/10.7,43
4-H Building-Solomon 2-11.01/11.02,35
4-h Building Belle Plain 10.01/10.02,25
4-H Building City,2602
4-H Building Rural,4041
4-H Building Ward 1.1,624
4-H Building Ward 2.2,683
4-H Building Ward 3.2,663
4 Fairgrounds - Pct. 11 & 12,1765
"4 H Building, Sheridan Co",1536
41 Lawrence Union Pacific Depot (Visitor Center),1749
43/70 Theatre Lawrence,2401
44/64 Lawrence Heights Church,1414
45/49 St Margaret's Episcopal Church,3877
47 Good Shepherd Lutheran Church,682
4H Community Building,956
4H/Senior Citizens Center,2236
5 Fairgrounds - Pct. 13 & 14,1557
50/54 Eudora Community Center,3051
51 Clinton Presbyterian Church,589
52 Eudora City Hall,746
53 Eudora Baptist Church,1714
55 Grant Twp Comm Center,308
56 Kanwaka Twp Hall,1309
57/58 Lecompton Community Building,1263
59 Marion Twp Hall,689
6 Fairgrounds - Pct. 15 & 16,1706
60/62 Lumberyard Arts Center,2761
61 Lighthouse Baptist Church,1694
63 Vinland Valley Community Church,1005
66/69 1st Church of the Nazarene,1585
67 Willow Springs Twp Hall,1261
7 Fairgrounds - Pct. 17 & 18,1337
74 Sports Pavilion Lawrence,3031
8 Fairgrounds - Pct. 19 & 20,1389
9 Fairgrounds - Pct. 21 & 22,2624
920 Building,836
Abbyville Community Center,128
Abdallah Shriners,1381
AbilityPoint,4808
Admin Bldg Fair Grounds,2204
Advent Lutheran Church,3555
Agra Library,340
Air Terminal,1676
Aldersgate United Methodist Church,2080
Alexandria Twp Fire Stat.,686
Alford Library,2746
Alma Community Center,1518
Almena Community Center,353
"Almena Community Center-Harrison-04.10,04.11",9
Alvin E Morris Admin Center,3396
American Legion 153 of Olathe,2184
American Legion 370 of Overland Park,2033
American Legion Building,163
"American Legion Hall, Glen Eld",386
Andale High School,1469
Anderson Co Annex,868
Anderson County Community Bldg,2179
Andover St. Vincent's,6230
Annunciation Cigna Center,1039
Antioch Church,2972
Arcadia Community Center,338
Argonia Community Bldg,768
Arlington Community Center,530
Arts and Heritage Center,9402
Asbury United Methodist Church,6184
Ascend Church,6333
Ascension Lutheran,2825
Ashland City Library,914
Ashland Community Center,131
Atonement Lutheran Church,2912
"Attica Memorial Bldg.(Attica, Twp1)",578
Atwater Community Center,2011
Auburn Civic Ctr,1579
Auburn Comm Ctr,781
Augusta 1st United Methodist,4525
Augusta First Baptist,5084
Axtell American Legion,566
Barber County Ambulance Building,927
Barber County Annex Building,1954
Barnes Fire House,273
Basehor United Methodist Church,2132
Bel Aire City Building,2994
Bel Aire Rec Center,4081
Belle Plaine Community Center,2539
Belpre Community Bldg,157
Bennington Fire/EMS Station,1067
Bentley Senior Center,841
Berean Baptist,3051
Bern Comm Bldg - Bern City,126
Bern Comm Bldg - Gilman,116
Bern Comm Bldg - Nemaha,105
Bern Comm Bldg - Oneida City,33
Bern Comm Bldg - Washington,184
Berryton UMC,1618
Bethany Church of the Nazarene,956
Bethany Community Center,4349
Bethany Cottages,607
Bethel Baptist Ch,842
Bethel Comm Ch,570
Bethel Seventh-Day Adventist,1017
Bible Temple Baptist Church,1875
Big Creek Methodist Chapel,384
Bishop PDC,1727
Bison Community Center,323
Blue Mound Sr. Center,349
Blue Valley Library,2576
Blue Valley Methodist Church,1706
Blue Valley Recreation Center,1292
Bolton Township Building,1027
Bonner Springs Church of Nazarene,1628
Bonner Springs Family YMCA,3632
Boston Rec Center,4775
Brewster Pl,498
Bronson Community Bldg.,277
Buck Creek School,600
Bucklin Library,682
Buhler Fire Station,1338
Bunker Hill Fire Dept,401
Burden City Bldg,621
Burlingame Schuyler Community Center,1504
Burns Community Center,250
Burr Oak Community Center,418
Burrton Fire-EMS Station,923
CA/DA Peace Luth Parsh Church,424
Cadmus Grange Hall,646
Caldwell Community Bldg 1,1109
Calvary Baptist Church,8393
Caney City Hall - W1 P1,290
Caney City Hall - W1 P2,2
Caney City Hall - W1 P2 Exc A,2
Caney City Hall - W2 P1,276
Caney City Hall - W3 P2,7
Caney City Hall - W4 P1,350
Caney City Hall W3 P1,330
Canton Community Center,735
Capitol Cty Comm Ch God,2183
Carbondale Community Bldg,1864
Carlton City Bldg,444
Cassoday Community Church,432
Castleton Township Hall,238
Catholic Parish Center,2356
Cawker City Clerk's Office,386
Cedar Creek Swim and Racquet Club,2567
Cedar Roe Library,1679
Celebration Centre,2666
Center Bethel Church,594
Center Christian Church,467
CenterPointe Community Church,3187
Centerville Comm. Bldg.,360
Central Christian Church,11429
Central Park Comm Ctr,1650
Central Resource Library,7624
Centralia Area Comm Bldg - Centralia-Home,273
Centralia Area Comm Bldg - Centralia-Illinois,45
Centralia Area Comm Bldg - Home,109
Centralia Area Comm Bldg - Neuchatel,82
Centropolis Township Hall,375
Ch of Jesus Christ LDS,2380
Chapel Oaks SDA Church,6727
Chase County Community Building,1873
Chase Senior Center,567
Cheney Baptist Church,2427
Cherokee Snr Ctr,829
Cherokee Twp Hall (formally Clymore School),284
Cherry Street Wesleyan Church,2569
Chicopee Community Center,1333
Chisholm Trail Church of Christ,3317
Christ Community Church Leawood,2445
Christ Community Church of the Nazarene,2395
Christ Community Church Olathe,3281
Christ Luth Ch,1358
Christ Lutheran Church,1904
Christian Church (Sedgwick),1176
Church of Christ Hall,5699
Church of Christ Rural,1845
Church of Jesus Christ of LDS,2596
Church Of The Harvest,1519
Church of the Magdalen,3248
Church Of The Nazarene,2649
Church of The Open Door,4544
Church of the Resurrection Leawood,3880
Church of the Resurrection West,4470
Cimarron 1 4-H Bldg,457
Cimarron 2 4-H Bldg,1287
Circle Grove School,1085
Circleville Christian Church,382
Citizen Potawatomi,1228
City Center Church,4887
City of Satanta Community Building,872
Civic Center - Precinct 4,779
Civic Center - Ward 1,703
Civic Center - Ward 2,1111
Civic Center - Ward 3,1225
Civic Connection,656
Clearwater Methodist Church,3357
Clifton American Legion,206
Clyde City Hall,647
Codell High School Building,119
Colby Event Center,5445
College Ave United Methodist,3273
College Church of the Nazarene,4326
Colonial Heights Church,4972
Colony City Hall,525
Columbian Hall 1,1434
Columbian Hall 2,19
Columbian Hall 3,17
Columbus Community Bldg,2194
Colwich Elementary School,1820
Community Bible Church,3501
Community Bldg - Baxter Springs,3579
Community Building,1758
"Community Building, Bushton",296
Community Center,721
Community Center Building,3903
Community Christian Church,5392
"Community Christian Church - Twp 1, Pct 1",230
"Community Christian Church - Twp 1, Pct 2",150
Community Christian Church - Twp 2,542
Community Christian Church - Ward 1,436
Community Christian Church - Ward 2,386
Community Christian Church - Ward 3,645
Community Covenant Church,4163
Concordia Elementary School Gym,3944
Congregation Beth Torah,3000
Copeland/GY Amb Bldg,229
Corinth Library,3089
Cornerstone Christian Church,370
Cornerstone Comm Ch,2633
Cornerstone Presbyterian Church,2690
Corning Comm Bldg- Red Vermillion,88
Corning Comm Bldg - Corning City,144
Corning Comm Bldg - Illinois,167
Country Acres Baptist,4769
Countryside Baptist Church,4623
Countryside Church Hall,4401
County Courthouse,1398
County Extension Office,3073
Courthouse-Election Day,1816
Courthouse-Mankato,1089
Courthouse Annex,3876
Courthouse Bsemnt Meeting,1733
Courthouse Lobby-Ctr 1- 05.01/05.06,446
Courthouse Lobby-Ctr 2-06.01/06.08,96
Courthouse Lobby-Highland 3-09.01/09.02,83
Courtland Comm. Center,540
Covenant Presbyterian Church,4997
Crestview Christian Church,3925
Crosspoint Ch,1526
CrossRoads Ch,1475
Crossroads Christian Church,4876
Crystalbrook Church 1st Pct 3rd Ward,494
Crystalbrook Church 1st Pct 4th Ward,523
Crystalbrook Church 2nd Pct 3rd Ward,279
Crystalbrook Church Indep. City 1st Pct 2nd Ward,248
Crystalbrook Church Indep. City 2nd Pct 2nd Ward,224
Crystalbrook Church Indep. City 2nd Pct 4th Ward,400
CS Methodist Fellowship Hall,1868
Cuba Comm. Center,392
Culver United Methodist Church,156
Cummings Christian Church,445
Cunningham Community Center,566
Cure of Ars Catholic Church,4453
Cutler Township Community Building,626
Damar Community Center,151
De Soto Community Center,1324
Deerfield Community Center,531
Delavan Community Bldg - Twp 7,172
Delavan Community Bldg - Twp 8,131
Delavan Community Bldg - Twp 9,239
Delaware Township Hall,1318
Delia Community Bldg,520
Delphos Senior Center,386
Denison Community Bldg,441
Derby Library,4108
Dexter City Building,402
Dillon Nature Center,1899
Dodge City Civic Center,9016
Dotzour Community Center,745
Douglass Community Bldg,1680
Dover Comm Ctr,821
Downs Memorial Hall,795
Dresden Methodist Church,113
Dwest South Gym-Be,192
Dwest South Gym-De,213
Dwest South Gym-Se,175
Dwight Lamson Post 258 the American Legion,653
Dwight United Methodist Church- Twp 4,148
Dwight United Methodist Church - Twp 3,310
East Hess/4-H Bldg,244
East Lake Volunteer Hall,657
East Point Church Of Christ,2327
East Side Baptist Ch,1981
Eastborough City Hall,639
Eastminster Presbyterian,4650
Eastmoor United Methodist Church,2223
EC/SH Ell-Saline Elem Sch,971
Edgemoor Rec Center,2509
Edgerton United Methodist Church,1968
Edna Community Senior Center,970
Edwardsville City Hall Training Room,3081
Effingham Municipal Building,690
Eisenhower Recreation Center,3348
El Dorado Civic Center,5282
El Dorado Senior Center,2643
Elk City Community Building,399
Ellsworth American Legion,2125
Elm Grove Baptist Church,1261
Elwood Community Center,735
Emmanuel Baptist Church,2457
Emporia Presbyterian Church,2344
Emporia Recreation Center,1749
Emporia Senior Center,1971
EU/GY Gypsum Com Room,592
Eureka Public Library,2668
Evangel Presbyterian Church,2625
Evergreen Library,4211
Evidence Church,3689
Exodus Church,2381
F N B Annex & Community Center,429
FA/WS(400) Luth Parish Hl,227
Fair Building,1099
Fairlawn Nazarene Ch,1541
Fairmount Twp Fire Stat.,1538
Fairview Community Center,1280
Fairview Fire Station,719
Faith Bible Fellowship,1095
Faith Chapel Assembly of God,1226
Faith City Christian Center,2814
Faith Community Church - Family Center,1404
Faith Evangelical Lutheran Church,2891
Faith United Church,364
Farlington Town Hall,434
Farlinville Comm. Bldg.,461
Fellowship Bible Ch,517
Fellowship Bible Church,3156
Fellowship Olathe,1599
Finney County Library,1536
Fire Dist No.1 Fire Stat.,1611
Fire District #1 Fire Station,1037
Fire District #5 Eskridge Station,1075
Fire District #9 Building,481
Fire Station 21,2230
First Assembly of God,2465
First Assembly of God Church,2696
First Baptist Ch,1872
First Baptist Church,9286
First Baptist Church - Basehor,2615
First Baptist Church - Leav,2366
First Baptist Church Annex,484
First Baptist Church of Gardner,2295
First Baptist Church of Olathe,4484
First Baptist Church of Stilwell,2322
First Baptist Haysville,4667
First Christian Ch,949
First Christian Church,5604
First Congregational Ch,955
First Luth Ch,991
First Lutheran Church,2726
First Pentecostal Church,3455
First St. John Lutheran Church,617
First UMC,1428
First United Methodist Ch,2033
First United Methodist Ch*,381
First United Methodist Church,15028
Fisher Center,3086
Flint Hills Event Center,356
Florence John McKay American Legion Post 308,423
Fontana Methodist Church,451
Foote 4-H Bldg,56
Ford Community Church Fellowship Hall,232
Four Colonies Clubhouse 3,3006
Fowler Senior Center,563
Fulton Community Bldg,655
Galena City Hall,2222
Galva Community Center,890
Garden Plain High School,1541
Garden Valley Church,5052
Gardner Church of the Nazarene,3217
Garfield Comm Ctr,874
Garfield Community Center,159
Gas Community Center,1289
Gateway,1629
Gaylord Community Center,304
GB Activity Center,2167
GB Recreation Center,1675
Geneseo 55+ Club,304
George J. Perry Armory,3063
Girl Scouts Office,2792
GL/OH/PV F D Station #3,649
Glasco Fire Department Meeting Room,425
Glenville Church,1191
God's Lighthouse of Prayer Church,438
Goddard District Conference Center,1928
Goddard Pathway Church,2906
Goessel City Building,1029
Goff Comm Center - Goff City,63
Goff Comm Center - Harrison-Goff,58
Goff Comm Center - Harrison-Kelly,80
Goff Comm Center - Reilly,78
Good Shepherd Episcopal Church,4367
Gorham Senior Center,392
Gove,152
Gove County Office Blgd,122
GR/09 First Christian Ch,3324
Grace Baptist Church,5087
Grace Church South Overland Park,2299
Grace Community Church,7302
Grace Community Church of the Nazarene,1642
Grace Covenant Presbyterian Church,2737
Grace Fellowship Church,3123
Grace Fellowship Church-Pct 11,682
Grace Fellowship Church-Pct 12,955
Grace Fellowship Church-Pct 13,686
Grace Fellowship Church-Pct 4,356
Grace Fellowship Church-Pct 5,459
Grace Fellowship Church-Pct 6,187
Grace Fellowship Church Parker Twp 1,201
Grace Fellowship Church Parker Twp 2,634
Grace Presbyterian Church,3367
Grace UMC,473
Grace United Methodist Church,3221
GraceFirst,3988
Grainfield,301
Grandview Plaza Community Center,1744
Grant Twp Hall & Fire Station,1036
Grantville Comm Bldg,1057
Greater St Mary Baptist Church,3417
Greeley Co Courthouse,897
Greenwood Community Building,355
Gridley Community Bldg,678
Grinnell,311
Grinnell VFW,32
Grove Twp Hall,556
GS Community Activity Bldg,229
Haddam City Hall,225
Halstead HS New Gym,1813
Hamilton Activity Center,409
Hamilton County Courthouse,1350
Hanston Elk Plaza,375
Hardman Hall,194
Harper Senior Center (Twp 5 West),87
Harper Senior Center (TWP 6 West),61
"Harper Senior Center( Danville,Twp5 East)",242
Harper Senior Center(Harper Wd1),394
Harper Senior Center(Harper Wd2),462
Harper Senior Center(Twp 6 East),140
Harrison Township Hall,388
Hartford Community Center,523
Harvest Ridge Covenant Church,2391
Harveyville Community Center,423
Haskell County Ambulance Building,1340
Havana Methodist Church,445
Haven Baptist Church,3905
Haven Senior Citizens Center,1212
Hays Recreation Center,2620
Haysville Activity Center,2778
Haysville Community Library,2562
HCC Western Center Commons - Center,135
HCC Western Center Commons - Clear Creek,78
HCC Western Center Commons - Marion,283
Healy United Methodist Church,170
Heart of Christ Church,4923
Heritage Hall Event Ctr,2313
Heritage Park Golf Course,3950
Heritage Presbyterian Church,2950
Heritage Tours Meeting Room,408
Heritage United Methodist Church,2628
Herndon Senior Center,205
High Prairie Church,1815
High Prairie Church-Altoona,1069
High View Church,436
Highland Community Center,741
Highland Community Center-Le,55
Highland Hgts Christian,1177
Highland Park HS,1446
Highland Park UMC,1374
Hillcrest Comm Ctr,1092
Hillcrest Community Building,455
Hillcrest Covenant Church,2043
Hillsboro United Methodist Church,2395
Hillside Christian Church,5747
Hilltop Conference Center Blue Valley,7322
HOA Reg. Volleyball Facility,3349
Hockett Auditorium,563
Hoisington Activity Center - Arts & Crafts Room,986
Hoisington Activity Center - Meeting Rm,1847
Holcomb Recreation Center,1726
Holm West (Green Ford Building) W1,760
Holm West (Green Ford Building) W2,1155
Holm West (Green Ford Building) W3,707
Holm West (Green Ford Building) W4-1,906
Holm West (Green Ford Building) W4-2,1087
Holy Cross Lutheran,4348
Holy Trinity Orthodox Church,2989
Holyrood Lutheran Parish Hall,398
Hoover Pavilion,5874
Hope Alive Church,1182
Hope Chapel,5864
Hope Church,4774
Hope Community Church,11618
Horton Blue Building,1848
House of Prayer Church,2132
Howard Cox Building,825
Hoyt Community Bldg,1739
Huck Boyd Center,2372
Huck Boyd Center (Glade),304
Humboldt Methodist Church,2081
Hunter Community Building,114
Immaculate Conception Parish Hall,915
Immanuel Church Hall,355
Immanuel United Methodist Church,488
Independence Community College - Fab Lab,1429
Indian Heights United Methodist Church,3494
Ingalls 4-H Bldg,362
Inman Community Center,1159
Inman Community Center*,559
Islamic Center of Johnson County,2899
Ja Co Courthouse,1412
Jamestown Activity Center,248
JCCC Midwest Trust Center,5735
Jennings Sr Center,133
Jewell Community Center,677
Jo Co Church Of Christ,2630
Jo Co Northeast Offices,6603
Jo Co Sunset Office Building,4238
Joe Amayo/Argentine Community Center,3977
Journey Bible Church,3919
Journey Church,3764
Journey Mennonite Church,531
Junction City Municipal Building,5915
K-State Res/Ext Ofc-Wildcat Rm.,2860
Kanopolis City Library,550
Kansas City Kansas Community College - TEC,2437
Kansas National Guard Armory,2511
Kaw Prairie Community Church,3972
Keats Community Center,657
Kechi City Building,2909
Kelley Hall Ward 1,630
Kelley Hall Ward 2,571
Kelley Hall Ward 3,605
Kentucky Township Bldg,1237
King Center,917
Kingdom Life Church,3109
Kingman Expo Center North Room,677
Kingman Expo Center South Room,2179
Kinsley-Offerle Elementary School,189
Kirwin Fire Station,163
Kismet Pavilion,390
Kloppenberg Center,762
Knights of Columbus Hall,1489
Knights Of Columbus Hall,204
Knox Presbyterian Church,3242
KS NE Conf of 7th Day Adv,665
KU Edwards Campus,2420
La Cygne Community Building,1274
LaCrosse City Auditorium,1216
Lake Quivira City Hall,914
Lake SN Reynolds Lodge,1524
Lake SN Shelter 3,834
Lancaster City Hall,634
Lane County 4h Building (all),968
Langdon City Hall,148
Lansing Community Rm.,2904
Larned Community Center,3388
Larsen Community Center,709
Leav. Baptist Church,2285
Leav. Public Library,1606
Leawood City Hall,5067
Lebanon Community Center,402
Lebo Community Building,1136
Legacy Christian Church Blue Valley,1375
Legacy Christian Church Overland Park,2334
Lenexa Baptist Church,4883
Lenexa Community Center,2593
Lenexa United Methodist Church,3267
Lenora Community Building,298
Leon Senior Center,1146
Leonardville Comm Bldg,554
Leroy Community Building,810
Lewis City Hall,432
LI/SV Assaria Lutheran Ch,791
Liberty Community Church,381
Life Church,4972
Life Spring Church,4512
Light of the World,1568
Lighthouse Baptist Church,3257
Lincoln Township Hall,800
Lincolnville Community Center,541
Lindsborg J.O. Sundstrom Conference Center,856
Lindsborg Senior Center,734
Linn City Hall,623
Linn Valley City Hall,943
Linwood Community Bldg,2339
Linwood Recreation Center,5093
Lionsgate Clubhouse,1556
Lodge At Ironwoods,4991
Logan 4-H Bldg,153
Logan City Building,456
"Logan Park Bldg.,Drum Ck Twp - USD 447",210
Logan Park Building,568
Logan Park Building Cherry Township,388
LOH Fire Station #2,1076
London Heights Baptist Church,2651
Long Island Community Center,207
Longton Senior Center,477
Lord of Life Lutheran Church,2223
Lorraine City Office,91
Louisburg United Methodist Church,4797
Lowman UMC,1489
Lucas Community Center,284
Lutheran Church All Sf Precincts,1540
Lyndon Comm Bldg,1865
Mac Steele High School Gym,4188
Machinists Building,3129
Mae Lessley Community Center,1199
Maize City Building,2479
Maize Performing Arts & Aquatic Center,2531
Manhattan Public Library,1775
Manhattan Senior Center,1618
Maple Hill Sr Center,899
Mapleton Community Bldg,455
Marquette Senior Center,593
Martin Creek Pl,852
Marysville Township Hall,1138
Masonic Lodge,993
Matt Ross Community Center,1516
Mayfield Community Center,207
Mc Louth Fire Station,1329
McCracken Community Building,312
McCune Community Center,574
McDonald Schoolhouse,331
Mcfarland Senior Citizens Cent,265
Meade City Building,1457
Medora Community Bible Church,1297
Melvern Comm Bldg,1283
Memorial Auditorium Pittsburg,1510
Memorial Hall,3003
Memorial Hall - Drum Ck - USD 446,185
Memorial Hall 1st of 1st,341
Memorial Hall 1st Pct 5th Ward,421
Memorial Hall 1st Pct 6th Ward,944
Memorial Hall 2nd Pct 1st Ward,500
Memorial Hall 2nd Pct 5th Ward,541
Memorial Hall 2nd Pct 6th Ward,835
Mennonite Friendship Manor,481
Mercy Hill Church,4748
Meridian Baptist Church,2521
Merriam Christian Church,1944
Merriam City Hall,2260
Merriam Community Center,2367
Messiah Lutheran Church,3013
Methodist Church Annex,284
Metropolitan Comm Ch,863
Milford City Building,1327
Miltonvale Comm. Center,421
Mission Hill Ch,1127
Mission Hills City Hall,2481
Mitchell County Fair Building,3171
Mitchell United Methodist,2288
MNU Cunningham Campus Center,3774
Moline Community Building,576
Montezuma/GY Amb Bldg,611
Montgomery Co Extension Council - Indep Twp Pct 2,325
Monticello Library,6215
Moran Senior Center,979
Morton County Courthouse,1638
Moscow Christian Fellowship Church,369
Mound Valley Community Center,1033
Msvle American Legion Post #163 Oketo,649
Msvle American Legion Post #163 Ward 1 & 2,1268
Msvle American Legion Post #163 Ward 3 & 4,1053
Msvle American Legion Post 163,658
Mt Vernon Methodist Church,2193
Mt. Carmel Church of God in Christ,2328
Mt. Zion Baptist Church,1368
Mullinville Rec Gym,256
Mulvane Christian Church,2707
Mulvane School Admin Building,1571
Munden Comm. Hall,332
Municipal Center,937
Municipal Hall ( Twp 3 East),106
Municipal Hall ( Twp 3 West),115
"Municipal Hall ( Waldron, Twp 2)",59
Municipal Hall (Anthony W1),705
Municipal Hall (Anthony W2),354
Municipal Hall (Anthony W3),173
Municipal Hall (Anthony W4),244
"Municipal Hall (Bluff, Freeport, Twp 4)",149
Murdock Methodist Church,907
Muscotah City Hall,589
N Hills Baptist Ch,1077
N Hills ES,1165
Nall Avenue Church of the Nazarene,1426
Natoma Community Center,285
Nazarene Church Gym,2040
Nemaha Co Comm Bldg - Adams,138
Nemaha Co Comm Bldg - Mitchell,256
Nemaha Co Comm Bldg - Richmond,414
Nemaha Co Comm Bldg - Seneca City Ward 1,353
Nemaha Co Comm Bldg - Seneca City Ward 2,564
Nemaha Co Comm Bldg - Seneca City Ward 3,603
Neodesha Methodist Church,1771
Neosho Rapids Community Building,748
Neosho Valley Event Center,1223
Netawaka Community Building,268
New Century Fieldhouse,6288
New City Church,3612
New Hope Ch,1037
New Hope Church of God in Christ,639
New Life Assembly of God,1422
New Life Community Church,2157
New Life Covenant Church,4243
New Life SDA Church,2246
New Story Church,3623
New Strawn Community Center,994
Nickerson Community Center,766
NLC Community Center,331
Norcatur City Hall,161
North Community Building,4648
North Newton City Building,1332
North Room 4-H Building,977
Northland Christian Ch,1497
Northridge Community Ctr,1413
Northridge Community Ctr*,460
Northside Church of Christ,3975
Oak Park Library,3641
Oak Ridge Missionary Baptist Church,4800
Oakland Comm Ctr,1835
Oakley,1624
Ogden Community Bldg,2993
Okun Fieldhouse,4012
Olathe Community Center,1141
Olathe Downtown Library,4104
Olathe Indian Creek Library,5870
Old Mission United Methodist Church,1633
Olivet Baptist Church,3464
Olivet Institutional Baptist Church,1596
Olsburg Fire Station,680
Onaga Community Center,1281
Open Door Baptist Church,3261
Osage City Comm Bldg,2896
Osage Mission Museum,856
Oskaloosa City Hall,1521
Oswego Community Center,1447
Otis City Hall,376
Our Saviors Luth Ch,952
Overland Park Arboretum Longhouse,3011
Overland Park Baptist Temple,2819
Overland Park Chamber of Commerce,1747
Overland Park Church of the Nazarene,1656
Overland Park Fire Department Training Center,6014
Overland Park Lutheran Church,3425
Oxford Lions Club Bldg,1058
Ozawkie Comm Bldg,1269
Palco Township Hall,260
Paola Adult Education Center,1340
Paola American Legion,4924
Park City City Hall,3631
Parker Sr. Center,721
Parkerfield Community Center,1246
Partridge Public Library,321
Pathway Church,3908
Patricia Diane Kane Community Center,3796
Paxico Senior Citizens Center,765
Payne,178
Peabody Senior Center,986
Peck Community Bldg,612
Pix Center,1423
Plains Community Building,1003
Plainville Twp Hall,1563
Planters II,3923
Pleasant Hill UMC,1651
Pleasant Valley Twp Hall,782
Pleasanton Community Center,1444
Pleasantview Baptist Church,3492
Plevna City Offices,166
Plum Shelter @ Sedgwick County Park,3458
Plymouth Congregational Church,3842
Pomona Community Building,1376
Pottawatomie Community,484
Pottorf Hall (Cico),1875
Prairie Center CGP,1611
Prairie Rock School House,124
Prairie Senior Center,867
Prairie View Community Center,189
Presbyterian Church,2173
Prescott City Hall,366
Prince of Peace - St Patrick's Parish Center,2725
Prince of Peace Luth Ch,1291
Princeton Community Building,602
Progressive Missionary Baptist Church,1855
Protection Twp. Library,421
Quindaro Community Center,3798
Radisson Hotel Lenexa,5464
Rainbow Mennonite Church,5634
Randolph VFW,782
Raymond Frye Complex 1,5848
Reading Civic Building,303
Recreation Annex Building,3579
Redeemer Church,3421
Redeemer Lutheran Church,5812
Redfield City Hall,1349
Reformation Lutheran,4926
Reformed Presbyterian Church of Shawnee,3129
Reliance Community Church,3797
Reno Twp Fire Station,1242
RH Christian Church,5998
Rice Comm Ctr,917
Richland Township Hall,1689
Richmond Community Building,560
Riley City Hall,843
Rios de Agua Viva Apostolic Church,3179
Risen Savior Lutheran Church,7349
Riverside Christian Church,3909
Riverview Baptist Church,2346
Robinson Senior Citizens Center,508
Roeland Park Community Center,3851
Rolla Community Center,392
Rolling Hills Christian,1651
Rolling Hills Presbyterian Church,2472
Rosalia Community Bldg,445
Roxbury United Parish,268
Rozel Community Center,160
Rural Water District 4,439
S Hills Mennonite Ch,2182
S Village Mobile Pk,1438
Sabetha City Hall - Berwick,283
Sabetha City Hall - Capioma,115
Sabetha City Hall - Rock Creek,329
Sabetha City Hall - Sabetha City Ward 1,448
Sabetha City Hall - Sabetha City Ward 2,491
Sabetha City Hall - Sabetha City Ward 3,448
Sabetha City Hall - Sabetha City Ward 4,333
Sacred Heart Ch,1426
Sacred Heart Church - Tong,1343
Sacred Heart Hall,3004
Sacred Heart Parish Ctr - Leav,1797
Saint Andrew Christian Church,3638
Saint Mark United Methodist Church,2209
Salem United Methodist,4429
Salvation Army,742
Sarcoxie South Fire Station,819
Sauder Community Center,845
Savior Pastoral Center,1383
SC/WS(307) Br Un Meth Ch,365
Scammon Parrish Hall,1135
Scandia Community. Center,492
Scenic Woods Clubhouse,1614
Scheels Overland Park Soccer Complex,3168
Scranton Comm Bldg,847
Sdg Co Extension Ofc,2928
Seaman Comm Ch,1808
Seasons Venue @ Watson Park,2931
Second Christian Church,2818
Sedalia Community Church,782
Sedan High School Gymnasium - New Gym,1394
SEK Impact Conference Center,5202
Selden Community Center,298
Selma/Kincaid United Methodist,492
Senior Citizen - Cofv Building- Pct 2,210
Senior Citizen - Cofv Building - Pct 1,112
Senior Citizen - Cofv Building - Pct 10,376
Senior Citizen - Cofv Building - Pct 3,335
Senior Citizen - Cofv Building - Pct 7,304
Senior Citizen - Cofv Building - Pct 8,309
Senior Citizen - Cofv Building - Pct 9,79
Senior Citizen - Cvale Building,744
Senior Citizen Bldg in Galena,1116
Senior Citizen Ctr,1089
Senior Citizens Center,698
Severy Methodist Church,701
Seward County Activity Center,10936
Shawnee Bible Church,1579
Shawnee Community Christian Church,1504
Shawnee Library,4393
Shawnee Presbyterian Church,1457
Shawnee Town Hall,5392
Sheriff Firing Range,976
Silver Lake UMC,1380
SM Smolan Community Bldg,569
Smoky Hill Country Club,3097
SN Heights ES,1183
SN Heights MS,1515
SNCO Fire District 1,732
SNCO Fire District 4,501
SO Kipp Community Bldg,263
Soldier Community Center,393
Solomon City Building,1384
South Haven Community Bldg,559
South High School,3276
South Hutch United Methodist,772
South Rock Christian Church,4115
South Room 4-H Building,2164
Southeast High School,4191
Southminster Presbyterian Church,1818
Southwoods Christian Church,3777
Spring Hill Community Center,3280
Srader Center,1524
St Aloysius Church,2167
St Aloysius Church - WFV,578
St Andrew's Episcopal Derby,1399
St Andrew's Lutheran,3643
St Andrews Presb Ch,1938
St Anne Catholic Church,3148
St Catherine of Siena,4231
St Elizabeth Ann Seton,4440
St John's Evangelist Catholic Church,2727
St Joseph Parish Center,1916
St Luke's Episcopal Church,2991
St Matthew's Church,1734
St Michael the Archangel Catholic Church,8059
St Nicholas Church,2864
St Paul's United Methodist Church,4103
St Thomas the Apostle Episcopal Church,2056
St. Andrew Missionary Baptist Church,3040
St. Francis De Sales,3608
St. Francis Xavier Hall,1787
St. John's Parish Center Sc,998
St. John Lutheran Hall,3217
St. Johns Hall,730
"St. Joseph Catholic Hall Arma, Ks",3099
St. Lawrence Hall,854
St. Malachy's Church Hall,323
St. Michael Catholic Hall,3179
St. Teresa Catholic Church,450
St. Thomas More Church,2224
Stanton County Courthouse,1070
Sterling Evangelical Church,279
Sterling Methodist Church Fellowship Hall,2084
Sternberg Museum,2406
STFD 72,830
Stilwell United Methodist Church,1751
Stockton City Hall,1490
Storehouse Fairlawn Plaza,1989
Stranger Twp Fire Station,1042
Summerfield Community Ctr,247
Sunflower Center,231
Sunrise Acres,552
Sunrise Optimist Club,1613
Sunset Hills Christian Church,2883
Susanna Wesley UMC,2352
Sycamore Township Hall,650
Sycamore Township Hall West Cherry Township,223
Sylvan Grove Fire Station,528
Sylvester Powell Jr Community Center,2183
Talmage Community & Senior Center,990
Tampa Senior Center,453
Tecumseh Pk Shelter,904
Temple Beth Sholom,784
Thayer Community Building,859
The Benton Church,2250
The Coffee Campus,1120
The Light KC,779
The Links Clubhouse,1968
The Phyllis Jackson Meeting Room,989
The Sandbox,2645
Tipton Community Building,218
Tomahawk Creek Condos,1236
Tomahawk Hills Golf Course,1602
Tomahawk Ridge Community Center,4592
Topeka Baptist Ch,1275
Topeka Bible Ch,936
Topeka Ch of Brethren,1330
Topeka Civic Theatre,1281
Toronto Township Comm. Bldg.,368
Towanda First Baptist Church,2384
Town Cntry Christian Ch,2367
Trinity Lutheran Church,7553
Trinity Methodist Church,2452
Trinity Presbyterian,1409
Troy Community Building-WY,140
Troy Community Building - Troy City,1159
Turon Community Center,313
Twelfth Avenue Baptist Church,2754
Tyro Christian Church Caney Township Tyro Pct,517
Tyro Christian Church Fawn Crk Twp Tyro Pct,357
Udall Community Building,1431
Umc Education Building (USD 496),235
Umc Fellowship Hall,283
Unger Complex,995
Uniontown City Hall,627
United Methodist Church,2518
United Methodist Church of De Soto,1321
University Christian Church,2652
Urban League,2448
USD 298 Lincoln Jr Sr High School Storm Shelter,1598
USD 309 Administration,262
USD 449 Board Office,1542
USD 473 District Office,1927
USD 501 Admin Bldg,659
USD 501 Natatorium,1456
UUFT Ch,1588
V.F.W. Hall,2058
Valley Center Community Center,2998
Valley Center UMC,3272
Valley Heights High School - B.R.,748
Valley Heights High School - Wtvl,664
Valley Township Building,600
Veteran's Memorial Building,1710
Veterans Bldg,606
Veterans Building,1367
VFW (Ellis),1883
VFW (Hays),3304
VFW (Victoria),1357
VFW 6654 of De Soto,3212
VFW 7397 of Lenexa,2105
VFW Bldg,1117
VFW Building,2826
Villa Ro Community Rm,571
Village on Antioch,2866
Vineyard Comm Church,2007
Vineyard Community Church,4299
Viola Community Hall,450
Wakarusa Presb,732
Wakefield United,1303
Waldo Senior Center,349
Wall Family Center,2230
Walton FD1 Fire Station,648
Wanamaker Woods Ch Naz,1362
Washburn Rural HS,1451
Wathena Community Center,1053
Wathena Community Center - Bl,175
Wathena Community Center - Bo,116
Wathena Community Center - Ma,174
Waverly Commun. Bldg. 1,801
Wayside Christian Church,263
Wea Catholic School,541
Weir Civic Club Bldg.,1157
Welda Community Building,600
Wells Comm Center,316
Wellsville Community Building,2294
Wesleyan Church,1785
West Evangelical Free Church,4355
West Haven Bapt. Church,1316
West High School,4151
West Lenexa SDA Church,3434
West Ridge Mall,2143
Westbrooke Church,2091
Western Hills Ch,2159
Westlink Church of Christ,4257
Westminister Presbyterian Chu,1789
Westminster Presb Ch,1105
Westmoreland Community Center,1263
Westside Church of the Nazarene,4184
Westside Family Church,3473
Westview Baptist Church,3617
Westview Comm Church,1284
Westwood City Hall,2632
Westwood Presbyterian,4757
Wetmore American Legion - Granada,75
Wetmore American Legion - Wetmore City,192
Wetmore American Legion - Wetmore Township,99
Wgtn Knights of Columbus Hall,1100
White City Community Bldg - Hi,71
White City Community Bldg - Ov,61
White City Community Bldg - Twp 5,433
White City Community Bldg - Twp 6,78
Whitewater Community Church,1738
Whiting Community Building,378
Wichita County Community Building,1230
Wichita United Church of Christ,3194
Williamsburg Community Bldg,950
Wilmore Community Center,53
Wilson County Courthouse,1148
Wilson Senior Center.,659
Winchester City Hall/Community Building,837
Windom Fire Station,126
Winona,326
WL Southeast of Saline Sch,424
WLW Civic Auditorium,2396
Wm Carpenter Building 1,149
Wm Carpenter Building 10,647
Wm Carpenter Building 11,851
Wm Carpenter Building 2,63
Wm Carpenter Building 3,76
Wm Carpenter Building 4,51
Wm Carpenter Building 5,61
Wm Carpenter Building 6,206
Wm Carpenter Building 7,136
Wm Carpenter Building 8,518
Wm Carpenter Building 9,753
Wolak Building,3754
Womans Club of Topeka,1852
Woodbine United Methodist Church,357
Woodland Lakes Community Church,3386
Woodland United Methodist Church,4342
Woodlawn Methodist Church,1793
Woodson Avenue Bible Church,4205
Woodson County Ambulance Bldg,900
Word of Life Church,3270
WSU Metropolitan Complex,3464
WTech East,863
WU Alumni Ctr,1227
Wyandotte Tabernacle Church,4149
Zeandale Community Church,680
Zenda City Hall,451
Zenda Community Center,72
Zion United Church of Christ,2746
Zurich City Building,121
